Timeout:45;
Instance;Cost;Time;Solution
grubhub-10-0;9729;44.964;[0, 19, 3, 13, 9, 4, 5, 15, 14, 16, 17, 18, 11, 12, 7, 1, 8, 10, 20, 2, 6, 0]
grubhub-10-1;13801;44.928;[0, 15, 3, 5, 17, 11, 1, 12, 7, 8, 9, 19, 13, 20, 16, 10, 4, 6, 18, 2, 14, 0]
grubhub-10-2;11143;44.958;[0, 19, 7, 13, 9, 1, 5, 17, 18, 10, 3, 11, 14, 6, 15, 2, 8, 12, 16, 20, 4, 0]
grubhub-10-3;9557;44.991;[0, 17, 3, 1, 19, 2, 5, 6, 9, 15, 20, 7, 18, 11, 12, 8, 13, 10, 16, 4, 14, 0]
grubhub-10-4;10769;44.995;[0, 17, 3, 13, 18, 11, 5, 6, 1, 15, 9, 19, 10, 20, 7, 12, 8, 2, 4, 14, 16, 0]
grubhub-10-5;12097;44.996;[0, 13, 11, 3, 15, 17, 14, 9, 5, 19, 7, 20, 18, 16, 12, 10, 4, 6, 8, 1, 2, 0]
grubhub-10-6;9461;44.966;[0, 17, 3, 5, 7, 13, 6, 9, 14, 19, 4, 11, 12, 15, 8, 10, 20, 16, 1, 18, 2, 0]
grubhub-10-7;10415;44.960;[0, 11, 17, 7, 18, 13, 14, 8, 5, 12, 9, 19, 1, 2, 20, 10, 3, 15, 4, 16, 6, 0]
grubhub-10-8;10024;44.985;[0, 19, 15, 9, 1, 7, 11, 13, 10, 17, 14, 12, 8, 20, 16, 18, 5, 2, 3, 4, 6, 0]
grubhub-10-9;9121;44.964;[0, 3, 13, 19, 20, 14, 1, 17, 11, 4, 18, 5, 6, 9, 15, 10, 16, 2, 12, 7, 8, 0]
grubhub-11-0;12890;44.843;[0, 11, 17, 18, 19, 21, 7, 22, 9, 5, 15, 1, 3, 2, 6, 12, 20, 4, 8, 16, 13, 10, 14, 0]
grubhub-11-1;10913;44.992;[0, 5, 3, 9, 6, 13, 14, 17, 1, 2, 4, 10, 7, 11, 8, 21, 12, 22, 15, 16, 18, 19, 20, 0]
grubhub-11-2;13715;44.305;[0, 13, 7, 11, 8, 9, 5, 10, 6, 1, 17, 19, 18, 21, 12, 20, 15, 22, 16, 3, 14, 2, 4, 0]
grubhub-11-3;11899;43.922;[0, 1, 13, 21, 14, 11, 5, 6, 12, 22, 7, 8, 19, 2, 15, 16, 3, 4, 20, 9, 10, 17, 18, 0]
grubhub-11-4;8595;44.781;[0, 1, 21, 3, 4, 5, 22, 17, 6, 18, 2, 13, 11, 9, 19, 7, 12, 8, 20, 14, 15, 10, 16, 0]
grubhub-11-5;9314;44.663;[0, 3, 9, 10, 11, 13, 5, 1, 7, 19, 6, 21, 14, 15, 16, 2, 20, 4, 12, 17, 18, 22, 8, 0]
grubhub-11-6;12873;44.941;[0, 1, 19, 15, 13, 7, 11, 12, 2, 3, 16, 21, 20, 17, 5, 4, 6, 9, 22, 8, 18, 10, 14, 0]
grubhub-11-7;8951;45.000;[0, 21, 17, 18, 7, 1, 13, 11, 9, 5, 12, 3, 19, 10, 20, 6, 4, 14, 8, 15, 16, 2, 22, 0]
grubhub-11-8;9661;44.948;[0, 15, 17, 19, 20, 3, 21, 7, 5, 1, 11, 8, 2, 16, 22, 4, 18, 12, 6, 13, 9, 14, 10, 0]
grubhub-11-9;10214;44.974;[0, 5, 13, 9, 10, 11, 19, 17, 3, 15, 6, 12, 7, 20, 14, 21, 1, 2, 22, 18, 16, 4, 8, 0]
grubhub-12-0;12869;44.993;[0, 1, 15, 19, 16, 2, 21, 3, 23, 7, 24, 13, 14, 9, 8, 4, 11, 5, 22, 6, 17, 18, 12, 20, 10, 0]
grubhub-12-1;12298;44.980;[0, 17, 9, 18, 11, 5, 12, 15, 13, 21, 23, 3, 4, 7, 19, 16, 14, 24, 6, 10, 22, 20, 8, 1, 2, 0]
grubhub-12-2;8039;44.883;[0, 15, 5, 3, 11, 13, 12, 14, 7, 8, 17, 6, 21, 23, 9, 24, 22, 10, 4, 19, 20, 1, 2, 16, 18, 0]
grubhub-12-3;13512;44.996;[0, 17, 13, 19, 7, 11, 18, 1, 23, 3, 21, 5, 6, 4, 24, 22, 15, 9, 14, 16, 20, 2, 12, 10, 8, 0]
grubhub-12-4;12485;44.774;[0, 19, 5, 9, 6, 1, 23, 3, 15, 2, 11, 12, 10, 4, 16, 7, 8, 21, 13, 22, 20, 14, 17, 24, 18, 0]
grubhub-12-5;12084;44.908;[0, 5, 1, 9, 17, 19, 11, 21, 13, 22, 14, 3, 12, 10, 4, 20, 15, 7, 2, 8, 18, 16, 6, 23, 24, 0]
grubhub-12-6;10380;43.505;[0, 11, 19, 20, 12, 9, 23, 24, 13, 15, 3, 10, 5, 4, 1, 17, 6, 16, 7, 21, 18, 8, 14, 22, 2, 0]
grubhub-12-7;11287;44.964;[0, 7, 9, 17, 8, 1, 5, 11, 2, 19, 6, 20, 18, 23, 13, 3, 4, 21, 24, 10, 14, 15, 16, 12, 22, 0]
grubhub-12-8;8107;43.261;[0, 15, 21, 17, 23, 24, 18, 19, 11, 1, 2, 9, 12, 20, 10, 3, 7, 13, 5, 22, 16, 6, 4, 14, 8, 0]
grubhub-12-9;13398;44.962;[0, 19, 20, 1, 7, 5, 8, 17, 2, 13, 18, 6, 23, 9, 21, 24, 10, 15, 11, 22, 14, 3, 4, 16, 12, 0]
grubhub-13-0;11505;44.979;[0, 23, 3, 13, 21, 22, 9, 24, 1, 4, 2, 11, 12, 10, 15, 14, 25, 17, 18, 19, 20, 26, 5, 6, 7, 8, 16, 0]
grubhub-13-1;11786;44.998;[0, 3, 5, 4, 11, 19, 15, 1, 17, 9, 23, 10, 13, 25, 14, 24, 18, 21, 26, 6, 22, 20, 12, 7, 8, 16, 2, 0]
grubhub-13-2;11414;44.968;[0, 7, 9, 15, 3, 4, 23, 16, 19, 25, 13, 14, 1, 17, 18, 24, 26, 2, 20, 10, 11, 21, 22, 12, 5, 6, 8, 0]
grubhub-13-3;12496;44.907;[0, 21, 5, 22, 19, 25, 23, 26, 20, 15, 7, 24, 16, 1, 17, 2, 9, 11, 12, 18, 8, 10, 6, 3, 4, 13, 14, 0]
grubhub-13-4;11308;44.969;[0, 1, 3, 17, 21, 23, 13, 18, 22, 7, 24, 4, 14, 15, 19, 5, 16, 20, 6, 9, 10, 25, 2, 8, 11, 26, 12, 0]
grubhub-13-5;11552;42.818;[0, 11, 17, 13, 14, 3, 25, 15, 1, 2, 7, 9, 21, 22, 19, 5, 23, 8, 6, 24, 20, 16, 18, 4, 26, 12, 10, 0]
grubhub-13-6;13219;43.296;[0, 15, 21, 1, 13, 25, 17, 3, 5, 6, 9, 18, 4, 11, 14, 12, 10, 16, 23, 19, 24, 20, 22, 26, 2, 7, 8, 0]
grubhub-13-7;10262;42.120;[0, 21, 11, 5, 9, 22, 6, 10, 12, 23, 19, 17, 24, 7, 8, 13, 1, 15, 14, 16, 3, 20, 2, 4, 25, 26, 18, 0]
grubhub-13-8;11235;44.490;[0, 3, 21, 19, 11, 12, 20, 4, 17, 7, 15, 18, 8, 16, 5, 9, 10, 23, 1, 24, 6, 25, 26, 13, 2, 22, 14, 0]
grubhub-13-9;11934;43.016;[0, 5, 13, 15, 7, 19, 20, 25, 26, 3, 9, 17, 11, 12, 18, 21, 10, 4, 23, 24, 8, 1, 2, 6, 14, 22, 16, 0]
grubhub-14-0;10585;44.947;[0, 11, 15, 16, 27, 17, 13, 7, 14, 25, 21, 22, 5, 23, 6, 9, 10, 19, 12, 3, 4, 20, 1, 2, 28, 24, 18, 26, 8, 0]
grubhub-14-1;12501;44.980;[0, 13, 1, 19, 27, 7, 11, 21, 12, 22, 25, 23, 9, 17, 3, 24, 10, 26, 8, 4, 28, 2, 18, 20, 14, 15, 16, 5, 6, 0]
grubhub-14-2;13921;44.097;[0, 25, 17, 23, 26, 19, 7, 1, 20, 8, 2, 27, 5, 28, 13, 3, 15, 16, 14, 21, 9, 4, 11, 18, 12, 10, 6, 24, 22, 0]
grubhub-14-3;13263;43.444;[0, 5, 1, 11, 2, 9, 12, 6, 27, 17, 23, 25, 19, 10, 20, 15, 13, 14, 7, 3, 8, 24, 16, 4, 18, 28, 21, 26, 22, 0]
grubhub-14-4;10025;43.185;[0, 13, 21, 3, 25, 4, 1, 14, 22, 7, 15, 26, 17, 16, 27, 9, 19, 10, 18, 5, 11, 12, 20, 2, 6, 28, 23, 24, 8, 0]
grubhub-14-5;12033;42.685;[0, 25, 17, 1, 11, 18, 15, 16, 23, 27, 28, 24, 21, 19, 3, 4, 22, 12, 7, 9, 10, 8, 2, 26, 5, 13, 6, 20, 14, 0]
grubhub-14-6;11692;44.964;[0, 13, 14, 9, 5, 23, 1, 6, 11, 27, 19, 20, 28, 15, 25, 7, 16, 2, 10, 26, 17, 18, 24, 3, 21, 12, 22, 4, 8, 0]
grubhub-14-7;12654;44.999;[0, 27, 23, 3, 17, 18, 1, 5, 24, 15, 4, 21, 22, 9, 7, 10, 16, 19, 20, 8, 13, 14, 2, 11, 12, 25, 26, 6, 28, 0]
grubhub-14-8;12438;44.819;[0, 27, 23, 28, 5, 19, 1, 24, 9, 6, 11, 13, 20, 10, 17, 18, 3, 14, 25, 4, 12, 26, 2, 7, 15, 8, 16, 21, 22, 0]
grubhub-14-9;10171;44.881;[0, 1, 27, 19, 11, 20, 5, 7, 17, 8, 25, 23, 18, 6, 12, 2, 9, 13, 10, 14, 21, 22, 15, 26, 16, 28, 24, 3, 4, 0]
grubhub-15-0;11444;44.852;[0, 15, 16, 7, 3, 29, 17, 5, 13, 18, 30, 14, 23, 27, 24, 11, 9, 28, 12, 1, 25, 2, 21, 22, 4, 8, 19, 26, 20, 6, 10, 0]
grubhub-15-1;9325;42.559;[0, 1, 3, 11, 21, 13, 2, 29, 7, 8, 30, 5, 23, 4, 6, 12, 27, 19, 17, 25, 28, 18, 20, 15, 22, 16, 9, 26, 14, 10, 24, 0]
grubhub-15-2;11281;44.902;[0, 17, 9, 11, 25, 1, 2, 21, 18, 10, 29, 5, 27, 28, 22, 7, 3, 4, 8, 13, 6, 26, 12, 23, 14, 15, 16, 19, 30, 20, 24, 0]
grubhub-15-3;13704;44.821;[0, 13, 17, 19, 20, 5, 6, 27, 28, 7, 8, 3, 21, 4, 9, 18, 29, 23, 24, 10, 11, 12, 14, 22, 25, 30, 15, 16, 26, 1, 2, 0]
grubhub-15-4;13161;44.896;[0, 7, 8, 15, 16, 13, 19, 23, 9, 10, 20, 24, 1, 14, 2, 29, 17, 30, 21, 27, 18, 22, 11, 5, 25, 12, 26, 28, 3, 4, 6, 0]
grubhub-15-5;12622;43.174;[0, 9, 27, 1, 7, 8, 17, 11, 10, 23, 24, 5, 6, 12, 13, 29, 3, 25, 4, 14, 15, 16, 30, 26, 18, 19, 21, 2, 28, 22, 20, 0]
grubhub-15-6;8764;44.920;[0, 1, 7, 8, 21, 13, 22, 23, 17, 3, 5, 19, 11, 15, 24, 27, 28, 16, 29, 9, 12, 30, 10, 20, 4, 6, 2, 18, 25, 14, 26, 0]
grubhub-15-7;12074;44.386;[0, 23, 9, 21, 25, 22, 24, 5, 15, 6, 11, 17, 27, 12, 3, 26, 29, 10, 28, 18, 16, 13, 14, 7, 4, 30, 8, 19, 20, 1, 2, 0]
grubhub-15-8;11805;44.919;[0, 5, 11, 17, 13, 21, 12, 23, 7, 9, 14, 27, 24, 1, 6, 29, 19, 2, 20, 25, 15, 16, 26, 3, 4, 8, 10, 18, 28, 22, 30, 0]
grubhub-15-9;13482;44.364;[0, 19, 20, 1, 3, 13, 2, 9, 11, 12, 21, 5, 6, 15, 25, 29, 7, 27, 28, 8, 26, 30, 10, 16, 23, 17, 24, 18, 22, 4, 14, 0]
random-020-02593;9083;44.983;[0, 27, 9, 11, 12, 10, 17, 39, 19, 40, 13, 37, 5, 18, 7, 25, 14, 21, 1, 29, 31, 3, 32, 4, 28, 23, 2, 8, 35, 6, 24, 22, 20, 33, 36, 15, 26, 16, 38, 34, 30, 0]
random-020-03115;8702;44.955;[0, 35, 9, 37, 17, 13, 36, 14, 1, 31, 10, 29, 18, 33, 3, 2, 21, 27, 5, 15, 16, 39, 6, 40, 11, 19, 22, 7, 38, 8, 23, 4, 12, 25, 24, 20, 32, 26, 30, 28, 34, 0]
random-020-05654;7180;42.028;[0, 23, 13, 14, 31, 29, 33, 15, 9, 39, 19, 5, 35, 20, 37, 10, 6, 7, 3, 21, 17, 25, 18, 16, 11, 12, 36, 34, 32, 27, 26, 40, 38, 1, 8, 24, 4, 28, 2, 30, 22, 0]
random-020-06649;5815;44.723;[0, 1, 29, 13, 5, 21, 39, 11, 33, 9, 15, 22, 16, 7, 37, 25, 3, 14, 40, 38, 27, 17, 2, 19, 4, 35, 26, 31, 28, 12, 8, 23, 32, 10, 24, 34, 36, 18, 30, 6, 20, 0]
random-020-08593;7585;42.698;[0, 35, 3, 11, 36, 21, 15, 1, 12, 13, 17, 37, 5, 18, 39, 16, 33, 29, 40, 4, 23, 25, 27, 2, 38, 31, 19, 30, 24, 32, 34, 6, 7, 14, 8, 22, 9, 20, 28, 10, 26, 0]
random-020-09540;6998;35.403;[0, 13, 7, 27, 29, 17, 15, 1, 9, 37, 38, 33, 21, 11, 31, 5, 14, 39, 32, 40, 18, 19, 20, 22, 25, 23, 30, 2, 35, 34, 3, 4, 36, 28, 24, 26, 16, 10, 12, 6, 8, 0]
random-020-10128;6521;40.184;[0, 27, 21, 1, 13, 25, 29, 31, 26, 5, 19, 35, 15, 23, 14, 16, 3, 32, 7, 37, 30, 8, 28, 39, 4, 6, 33, 9, 34, 22, 10, 36, 24, 2, 40, 17, 20, 38, 11, 12, 18, 0]
random-020-10770;7399;44.162;[0, 29, 21, 11, 23, 1, 35, 2, 39, 19, 12, 37, 24, 15, 31, 33, 27, 17, 32, 16, 36, 5, 6, 25, 34, 9, 18, 40, 10, 20, 26, 38, 7, 3, 8, 30, 13, 28, 22, 4, 14, 0]
random-020-11799;8832;42.000;[0, 33, 25, 15, 5, 29, 9, 3, 39, 1, 19, 37, 7, 38, 27, 11, 13, 4, 8, 10, 31, 34, 6, 21, 32, 28, 12, 17, 18, 35, 36, 2, 40, 23, 20, 30, 26, 14, 22, 16, 24, 0]
random-020-12761;6245;37.968;[0, 9, 39, 3, 5, 10, 1, 19, 27, 17, 25, 2, 15, 6, 28, 7, 40, 21, 31, 33, 13, 22, 18, 29, 37, 8, 23, 4, 35, 20, 16, 30, 24, 36, 38, 11, 26, 12, 32, 14, 34, 0]
random-020-12952;7950;30.215;[0, 33, 35, 17, 31, 3, 32, 11, 12, 23, 25, 13, 39, 18, 19, 26, 29, 27, 24, 4, 5, 7, 8, 15, 14, 9, 1, 30, 40, 21, 28, 10, 2, 6, 37, 34, 20, 22, 36, 38, 16, 0]
random-020-13151;6580;22.426;[0, 7, 35, 8, 21, 5, 9, 29, 3, 37, 1, 19, 15, 25, 26, 17, 11, 6, 33, 39, 31, 18, 32, 13, 23, 27, 2, 14, 24, 22, 30, 40, 38, 10, 34, 16, 28, 12, 36, 4, 20, 0]
random-020-19723;8035;41.235;[0, 9, 31, 5, 33, 17, 29, 18, 1, 3, 39, 6, 2, 27, 23, 4, 35, 19, 40, 36, 10, 21, 15, 32, 7, 25, 22, 28, 30, 24, 16, 34, 20, 37, 11, 13, 38, 26, 14, 8, 12, 0]
random-020-20029;7957;41.378;[0, 7, 37, 23, 11, 21, 19, 15, 27, 17, 9, 33, 5, 6, 3, 39, 1, 18, 10, 13, 12, 28, 22, 38, 2, 35, 24, 16, 25, 31, 14, 20, 29, 32, 30, 34, 36, 26, 8, 40, 4, 0]
random-020-20180;8114;40.741;[0, 39, 1, 11, 21, 22, 33, 25, 37, 17, 12, 27, 5, 18, 13, 35, 29, 2, 28, 19, 15, 20, 23, 7, 30, 16, 36, 6, 9, 3, 38, 4, 24, 40, 10, 26, 14, 8, 31, 32, 34, 0]
random-020-22239;8097;40.928;[0, 5, 23, 15, 6, 25, 31, 9, 1, 27, 13, 39, 16, 33, 26, 37, 28, 35, 34, 7, 32, 21, 17, 11, 10, 19, 29, 30, 3, 18, 14, 8, 24, 4, 12, 36, 2, 40, 38, 22, 20, 0]
random-020-24276;6663;26.000;[0, 9, 37, 38, 33, 35, 29, 39, 25, 26, 21, 34, 19, 13, 31, 3, 30, 22, 4, 10, 40, 11, 5, 7, 17, 32, 8, 20, 1, 27, 12, 6, 18, 28, 23, 15, 36, 16, 14, 2, 24, 0]
random-020-24594;7166;41.865;[0, 5, 31, 9, 13, 39, 21, 27, 6, 40, 25, 29, 32, 23, 7, 22, 26, 11, 3, 15, 8, 1, 16, 4, 33, 35, 19, 12, 24, 17, 34, 36, 18, 14, 2, 37, 38, 10, 20, 28, 30, 0]
random-020-25278;7164;44.667;[0, 5, 31, 21, 22, 25, 33, 23, 6, 1, 9, 7, 39, 8, 13, 10, 29, 11, 19, 37, 17, 2, 35, 14, 24, 34, 30, 40, 27, 12, 28, 18, 3, 20, 4, 15, 36, 38, 26, 16, 32, 0]
random-020-28353;7916;44.935;[0, 11, 17, 15, 18, 19, 21, 3, 29, 37, 33, 7, 1, 9, 35, 27, 30, 16, 10, 36, 22, 12, 5, 34, 31, 4, 13, 14, 6, 32, 8, 28, 39, 23, 38, 25, 20, 26, 40, 2, 24, 0]
random-020-28916;9006;44.663;[0, 29, 39, 23, 31, 24, 32, 25, 19, 37, 20, 17, 38, 5, 27, 40, 7, 18, 35, 26, 33, 28, 30, 9, 15, 1, 11, 13, 8, 34, 36, 21, 16, 12, 6, 14, 22, 10, 3, 4, 2, 0]
random-020-28956;7279;44.889;[0, 3, 5, 9, 31, 7, 19, 37, 27, 39, 32, 20, 11, 35, 17, 6, 21, 18, 4, 40, 33, 29, 8, 28, 1, 36, 34, 2, 15, 13, 38, 16, 10, 25, 30, 22, 23, 12, 24, 14, 26, 0]
random-020-29583;9426;44.788;[0, 39, 29, 11, 1, 31, 30, 13, 12, 33, 25, 2, 35, 36, 17, 21, 37, 15, 5, 23, 32, 14, 27, 3, 19, 4, 9, 7, 26, 40, 34, 18, 28, 16, 24, 38, 22, 10, 20, 6, 8, 0]
random-020-30615;6779;34.123;[0, 13, 9, 21, 29, 1, 19, 33, 35, 3, 11, 17, 15, 5, 27, 2, 25, 4, 39, 10, 37, 36, 28, 38, 12, 23, 6, 34, 7, 31, 32, 16, 40, 30, 26, 8, 24, 18, 22, 14, 20, 0]
random-020-32388;9093;34.684;[0, 15, 25, 5, 11, 9, 13, 17, 26, 35, 37, 1, 29, 39, 21, 12, 2, 3, 10, 40, 14, 36, 7, 33, 27, 22, 23, 6, 16, 24, 19, 28, 30, 34, 31, 4, 38, 18, 32, 8, 20, 0]
random-040-03297;10035;41.282;[0, 49, 57, 59, 19, 33, 39, 77, 27, 78, 29, 65, 63, 40, 21, 61, 53, 51, 13, 45, 3, 50, 25, 60, 20, 55, 22, 9, 69, 41, 4, 10, 17, 11, 30, 73, 75, 67, 31, 42, 64, 35, 34, 7, 5, 79, 46, 23, 56, 37, 8, 54, 74, 15, 12, 80, 36, 70, 47, 62, 58, 52, 48, 14, 71, 1, 43, 76, 24, 68, 28, 6, 18, 38, 26, 2, 32, 44, 16, 72, 66, 0]
random-040-03566;10490;42.569;[0, 1, 25, 55, 45, 5, 13, 46, 21, 6, 9, 7, 2, 51, 37, 73, 23, 56, 11, 8, 49, 19, 53, 39, 77, 15, 47, 69, 65, 10, 50, 22, 75, 27, 43, 28, 78, 67, 3, 79, 24, 26, 66, 41, 71, 31, 35, 42, 54, 80, 17, 20, 61, 74, 29, 52, 63, 57, 18, 58, 36, 72, 12, 4, 44, 40, 68, 16, 48, 64, 62, 59, 30, 76, 60, 38, 32, 70, 14, 33, 34, 0]
random-040-04096;9573;42.456;[0, 37, 5, 57, 51, 47, 13, 17, 6, 19, 7, 41, 52, 65, 45, 71, 49, 46, 77, 11, 53, 23, 69, 61, 54, 39, 15, 78, 25, 31, 14, 12, 58, 24, 43, 79, 27, 44, 75, 29, 33, 35, 59, 48, 28, 32, 16, 63, 9, 3, 70, 20, 50, 8, 76, 40, 30, 67, 64, 38, 80, 62, 36, 73, 42, 10, 1, 66, 21, 34, 60, 55, 2, 74, 22, 72, 26, 4, 56, 68, 18, 0]
random-040-07055;10062;44.196;[0, 47, 33, 55, 53, 69, 43, 29, 27, 75, 17, 3, 49, 15, 57, 11, 25, 79, 39, 76, 56, 31, 48, 54, 71, 23, 67, 13, 59, 41, 14, 34, 12, 60, 73, 21, 19, 50, 44, 4, 58, 77, 26, 20, 51, 68, 80, 7, 72, 5, 70, 22, 16, 24, 40, 52, 37, 35, 36, 32, 28, 42, 9, 61, 62, 65, 66, 38, 78, 63, 30, 74, 45, 10, 8, 1, 2, 18, 64, 6, 46, 0]
random-040-09229;9872;44.550;[0, 57, 11, 29, 7, 27, 21, 9, 58, 12, 17, 45, 71, 67, 1, 3, 5, 31, 23, 46, 77, 61, 43, 32, 68, 25, 63, 47, 64, 8, 75, 72, 55, 15, 6, 4, 35, 62, 13, 18, 78, 53, 65, 28, 30, 79, 69, 33, 70, 2, 73, 22, 37, 76, 10, 49, 39, 41, 19, 56, 54, 36, 50, 24, 51, 44, 59, 48, 34, 16, 66, 20, 74, 80, 38, 26, 42, 52, 60, 40, 14, 0]
random-040-10586;9523;44.775;[0, 79, 11, 17, 77, 55, 69, 51, 15, 39, 19, 67, 75, 65, 18, 9, 29, 13, 59, 71, 5, 80, 60, 78, 10, 68, 31, 57, 66, 52, 43, 45, 7, 46, 73, 40, 70, 74, 23, 41, 44, 25, 42, 12, 1, 35, 33, 53, 49, 63, 37, 36, 16, 64, 3, 14, 47, 21, 38, 27, 20, 6, 76, 26, 30, 22, 8, 2, 34, 50, 4, 58, 61, 62, 56, 32, 72, 24, 48, 54, 28, 0]
random-040-13282;9192;43.792;[0, 37, 5, 53, 27, 33, 7, 69, 11, 55, 54, 17, 6, 12, 43, 19, 47, 71, 29, 67, 9, 31, 41, 59, 65, 56, 15, 13, 73, 51, 42, 21, 8, 23, 44, 72, 57, 61, 10, 38, 32, 14, 77, 60, 28, 49, 75, 70, 30, 68, 1, 45, 66, 3, 35, 62, 48, 16, 18, 39, 2, 40, 25, 79, 22, 34, 26, 78, 74, 58, 50, 4, 20, 52, 24, 76, 36, 63, 80, 64, 46, 0]
random-040-14425;9066;42.220;[0, 3, 13, 75, 41, 57, 21, 63, 9, 59, 49, 19, 33, 67, 4, 73, 23, 15, 20, 50, 47, 76, 14, 25, 79, 17, 29, 26, 55, 31, 5, 37, 68, 1, 10, 22, 39, 16, 7, 32, 58, 64, 77, 71, 43, 45, 38, 40, 74, 56, 11, 46, 18, 53, 48, 65, 8, 24, 12, 30, 44, 34, 27, 66, 69, 80, 60, 51, 28, 72, 52, 6, 2, 61, 70, 42, 35, 54, 62, 36, 78, 0]
random-040-14432;8359;42.429;[0, 13, 71, 79, 61, 69, 57, 67, 65, 31, 7, 21, 11, 41, 43, 32, 47, 59, 75, 62, 53, 60, 63, 48, 42, 15, 25, 39, 73, 55, 23, 37, 16, 33, 9, 17, 66, 54, 10, 5, 72, 1, 35, 49, 26, 50, 76, 80, 29, 14, 19, 51, 20, 3, 68, 52, 77, 45, 8, 38, 22, 44, 58, 12, 56, 36, 30, 2, 24, 6, 34, 40, 74, 4, 64, 78, 46, 70, 27, 18, 28, 0]
random-040-16859;9133;44.310;[0, 77, 35, 47, 61, 67, 1, 39, 53, 43, 55, 2, 63, 79, 68, 49, 41, 56, 25, 48, 7, 26, 15, 23, 75, 69, 13, 17, 5, 78, 59, 65, 18, 6, 27, 29, 37, 66, 70, 21, 19, 40, 31, 45, 64, 9, 76, 71, 38, 10, 60, 14, 32, 36, 22, 11, 3, 8, 30, 28, 73, 33, 12, 51, 24, 50, 54, 57, 46, 34, 58, 62, 42, 74, 72, 16, 20, 80, 52, 4, 44, 0]
random-040-16957;9498;41.526;[0, 65, 19, 7, 1, 71, 53, 25, 27, 47, 26, 9, 10, 2, 13, 43, 23, 48, 11, 21, 20, 24, 37, 14, 8, 77, 22, 15, 29, 16, 44, 55, 67, 63, 17, 49, 61, 64, 5, 6, 31, 33, 57, 39, 12, 35, 3, 45, 66, 28, 30, 38, 56, 62, 40, 46, 50, 68, 73, 74, 4, 69, 41, 36, 54, 58, 75, 76, 34, 72, 79, 59, 60, 78, 32, 70, 51, 80, 42, 52, 18, 0]
random-040-18453;9595;44.777;[0, 67, 79, 3, 57, 71, 55, 68, 61, 49, 47, 31, 9, 25, 39, 63, 35, 77, 53, 59, 17, 10, 29, 56, 37, 30, 58, 38, 54, 33, 73, 75, 41, 62, 15, 21, 22, 60, 48, 36, 5, 11, 65, 43, 4, 44, 27, 69, 45, 32, 76, 19, 51, 80, 64, 16, 34, 23, 50, 40, 42, 6, 24, 78, 13, 20, 28, 66, 7, 26, 1, 72, 12, 8, 70, 46, 2, 74, 52, 14, 18, 0]
random-040-18665;9546;43.155;[0, 1, 51, 5, 43, 23, 63, 27, 53, 35, 67, 61, 7, 55, 25, 75, 79, 69, 9, 57, 21, 77, 47, 41, 10, 65, 26, 22, 59, 19, 54, 64, 17, 31, 32, 44, 78, 42, 62, 3, 15, 80, 20, 70, 56, 2, 73, 29, 30, 60, 4, 48, 13, 6, 33, 66, 49, 76, 16, 52, 71, 50, 45, 11, 36, 14, 18, 12, 37, 24, 8, 39, 58, 68, 40, 38, 72, 34, 28, 74, 46, 0]
random-040-19284;9877;42.084;[0, 33, 23, 37, 3, 61, 41, 51, 47, 73, 77, 38, 71, 53, 55, 9, 11, 79, 63, 31, 1, 69, 52, 29, 59, 32, 5, 17, 43, 78, 57, 25, 56, 75, 60, 6, 34, 24, 12, 19, 80, 72, 65, 18, 45, 13, 44, 21, 22, 10, 46, 35, 7, 26, 64, 66, 27, 70, 76, 67, 54, 8, 42, 30, 4, 62, 48, 28, 20, 2, 36, 49, 15, 58, 74, 68, 39, 16, 40, 50, 14, 0]
random-040-22747;9904;40.096;[0, 57, 17, 21, 73, 49, 11, 45, 67, 13, 71, 63, 37, 31, 79, 64, 15, 25, 19, 39, 68, 22, 58, 61, 3, 26, 27, 75, 23, 55, 5, 56, 51, 29, 28, 18, 52, 46, 53, 7, 65, 12, 69, 80, 20, 77, 76, 32, 6, 1, 62, 16, 78, 47, 30, 48, 9, 33, 2, 14, 38, 24, 72, 59, 4, 54, 8, 41, 74, 43, 66, 34, 35, 40, 42, 44, 60, 50, 10, 70, 36, 0]
random-040-24005;9894;43.598;[0, 43, 39, 65, 67, 53, 71, 7, 49, 13, 73, 47, 19, 25, 40, 75, 17, 44, 26, 79, 63, 8, 80, 72, 9, 77, 21, 78, 27, 35, 48, 66, 11, 28, 61, 57, 31, 3, 23, 5, 64, 37, 50, 58, 6, 32, 55, 45, 68, 56, 24, 38, 74, 41, 12, 20, 46, 4, 10, 22, 76, 29, 15, 30, 59, 16, 33, 14, 51, 1, 42, 52, 69, 34, 2, 54, 60, 18, 70, 62, 36, 0]
random-040-24934;9264;41.802;[0, 73, 25, 1, 43, 37, 31, 55, 33, 11, 41, 63, 35, 7, 67, 47, 13, 9, 36, 42, 45, 49, 34, 23, 21, 74, 32, 24, 19, 5, 61, 48, 65, 51, 52, 3, 57, 59, 6, 38, 39, 15, 2, 77, 10, 79, 4, 22, 78, 50, 53, 8, 54, 20, 56, 17, 58, 68, 14, 27, 26, 64, 12, 75, 76, 80, 44, 71, 60, 46, 29, 28, 16, 18, 62, 69, 66, 30, 70, 72, 40, 0]
random-040-26602;9591;42.895;[0, 41, 71, 27, 13, 15, 75, 79, 55, 5, 67, 33, 6, 63, 73, 3, 23, 9, 69, 47, 77, 53, 19, 54, 57, 68, 21, 37, 35, 7, 45, 25, 17, 58, 51, 59, 11, 4, 18, 1, 29, 70, 39, 40, 26, 20, 48, 14, 28, 43, 72, 44, 56, 76, 8, 61, 16, 74, 60, 22, 52, 36, 2, 34, 49, 12, 78, 31, 62, 80, 64, 50, 46, 10, 32, 65, 24, 66, 38, 30, 42, 0]
random-040-26729;9982;44.888;[0, 35, 73, 63, 75, 37, 39, 15, 64, 57, 53, 41, 13, 27, 31, 51, 28, 69, 47, 19, 71, 14, 23, 61, 17, 49, 18, 36, 38, 74, 45, 77, 29, 7, 42, 3, 79, 78, 43, 24, 20, 67, 9, 80, 55, 62, 5, 54, 8, 21, 22, 25, 44, 46, 40, 56, 33, 72, 68, 4, 58, 11, 59, 76, 65, 32, 66, 60, 30, 16, 34, 6, 12, 10, 52, 1, 50, 26, 70, 2, 48, 0]
random-040-26838;9714;41.912;[0, 73, 53, 61, 29, 75, 43, 45, 77, 37, 11, 78, 63, 5, 13, 23, 47, 69, 9, 51, 54, 79, 33, 76, 70, 67, 25, 3, 1, 38, 15, 2, 24, 74, 59, 64, 44, 4, 16, 34, 41, 19, 10, 39, 71, 80, 20, 31, 57, 7, 30, 49, 35, 55, 60, 27, 62, 58, 26, 40, 48, 46, 12, 8, 14, 42, 17, 56, 21, 65, 22, 28, 32, 72, 68, 18, 52, 50, 66, 36, 6, 0]
random-040-28026;11022;44.415;[0, 71, 9, 19, 59, 53, 67, 35, 39, 55, 15, 13, 33, 69, 43, 79, 61, 60, 51, 65, 80, 5, 45, 62, 72, 46, 57, 47, 10, 7, 40, 54, 77, 16, 34, 21, 3, 70, 73, 17, 56, 75, 18, 29, 6, 63, 64, 25, 48, 66, 11, 41, 1, 31, 49, 37, 12, 27, 2, 36, 78, 76, 32, 42, 14, 4, 26, 68, 20, 28, 23, 44, 8, 52, 50, 74, 22, 30, 38, 58, 24, 0]
random-040-30886;9762;44.988;[0, 27, 15, 51, 37, 7, 41, 33, 75, 9, 39, 47, 67, 45, 48, 25, 53, 8, 54, 1, 5, 17, 79, 29, 61, 49, 18, 2, 23, 50, 3, 65, 73, 26, 16, 21, 34, 76, 80, 4, 31, 57, 24, 63, 10, 11, 74, 22, 13, 30, 71, 77, 32, 35, 40, 6, 43, 59, 38, 19, 52, 62, 58, 42, 14, 44, 46, 66, 36, 60, 69, 70, 12, 55, 72, 78, 28, 68, 20, 56, 64, 0]
random-040-31548;9713;42.112;[0, 55, 73, 41, 21, 77, 7, 15, 9, 74, 43, 23, 31, 61, 51, 69, 22, 67, 27, 75, 28, 45, 63, 1, 13, 78, 33, 3, 14, 53, 4, 65, 64, 25, 8, 37, 66, 44, 68, 17, 18, 19, 11, 49, 16, 29, 52, 46, 26, 57, 71, 2, 76, 54, 70, 10, 39, 35, 5, 59, 62, 24, 38, 47, 42, 32, 79, 72, 30, 48, 20, 80, 6, 12, 50, 56, 40, 34, 36, 60, 58, 0]
random-040-32551;9386;42.032;[0, 15, 25, 71, 7, 53, 29, 69, 49, 30, 37, 3, 63, 70, 9, 57, 54, 17, 33, 13, 58, 51, 45, 34, 46, 27, 52, 35, 43, 59, 79, 41, 36, 38, 21, 73, 67, 61, 74, 16, 5, 28, 10, 62, 77, 42, 1, 80, 11, 22, 31, 19, 75, 8, 78, 26, 12, 6, 20, 76, 72, 23, 50, 2, 14, 39, 47, 32, 65, 18, 66, 48, 4, 55, 24, 44, 64, 40, 60, 56, 68, 0]
random-060-01082;11992;43.264;[0, 21, 115, 57, 119, 81, 111, 91, 89, 103, 53, 39, 31, 87, 109, 105, 71, 47, 27, 15, 17, 35, 69, 40, 43, 1, 54, 67, 104, 5, 61, 19, 117, 97, 79, 85, 75, 116, 51, 11, 107, 59, 41, 22, 25, 82, 101, 55, 20, 83, 99, 65, 3, 70, 13, 56, 37, 32, 93, 95, 2, 90, 9, 49, 45, 66, 76, 12, 88, 118, 98, 120, 16, 110, 72, 108, 112, 96, 48, 33, 94, 113, 14, 58, 84, 46, 80, 68, 92, 7, 8, 6, 106, 100, 86, 77, 23, 62, 4, 36, 63, 102, 44, 38, 34, 29, 28, 73, 78, 42, 60, 64, 26, 24, 50, 18, 74, 114, 52, 10, 30, 0]
random-060-01990;12335;42.849;[0, 25, 55, 1, 109, 9, 31, 32, 85, 67, 97, 21, 19, 105, 3, 103, 83, 79, 61, 65, 20, 10, 113, 110, 69, 5, 27, 89, 11, 2, 23, 75, 39, 80, 66, 117, 101, 95, 29, 111, 51, 53, 24, 17, 86, 49, 45, 47, 107, 37, 35, 112, 115, 30, 77, 15, 93, 94, 18, 81, 119, 91, 70, 87, 82, 90, 71, 43, 59, 104, 48, 36, 41, 73, 6, 62, 38, 96, 7, 84, 13, 63, 16, 64, 99, 33, 57, 56, 58, 28, 42, 22, 100, 92, 114, 102, 108, 14, 74, 72, 26, 52, 34, 8, 78, 116, 60, 4, 44, 50, 118, 98, 76, 68, 40, 106, 120, 12, 46, 88, 54, 0]
random-060-02899;13505;42.357;[0, 5, 65, 49, 57, 75, 97, 77, 41, 9, 15, 85, 109, 42, 98, 101, 3, 67, 45, 81, 33, 110, 102, 43, 82, 34, 53, 119, 11, 17, 12, 115, 18, 107, 89, 29, 111, 21, 59, 30, 25, 4, 50, 71, 113, 103, 13, 54, 91, 112, 46, 105, 14, 76, 31, 73, 120, 95, 10, 114, 60, 78, 6, 44, 7, 86, 72, 8, 61, 74, 32, 116, 83, 106, 35, 58, 87, 88, 36, 22, 47, 117, 66, 51, 27, 16, 62, 55, 104, 26, 69, 93, 79, 1, 19, 56, 39, 90, 70, 118, 20, 94, 40, 28, 63, 99, 23, 52, 92, 100, 84, 64, 96, 24, 37, 2, 80, 68, 108, 38, 48, 0]
random-060-03808;12227;38.345;[0, 61, 59, 23, 33, 19, 55, 21, 67, 15, 57, 47, 97, 68, 93, 81, 111, 73, 45, 9, 41, 69, 62, 56, 53, 46, 105, 98, 60, 85, 75, 63, 94, 37, 77, 70, 89, 3, 95, 4, 78, 16, 39, 112, 31, 13, 5, 40, 17, 91, 79, 103, 65, 101, 113, 107, 7, 29, 8, 80, 115, 116, 99, 49, 32, 82, 90, 119, 22, 51, 6, 64, 54, 66, 42, 106, 117, 10, 71, 86, 1, 83, 25, 58, 109, 11, 20, 114, 35, 12, 50, 34, 26, 110, 18, 108, 48, 38, 84, 24, 100, 96, 92, 102, 27, 36, 14, 2, 72, 76, 43, 30, 52, 44, 87, 28, 118, 120, 74, 88, 104, 0]
random-060-08834;12944;39.827;[0, 47, 21, 85, 7, 51, 109, 111, 75, 77, 61, 105, 23, 15, 59, 27, 93, 31, 5, 13, 33, 94, 11, 34, 99, 83, 1, 67, 52, 87, 41, 101, 88, 115, 117, 60, 113, 53, 37, 97, 45, 73, 35, 114, 100, 79, 98, 69, 63, 38, 65, 78, 48, 39, 17, 46, 49, 103, 84, 2, 86, 110, 70, 118, 57, 3, 19, 4, 9, 55, 71, 119, 50, 95, 20, 29, 116, 10, 24, 120, 91, 62, 81, 32, 56, 89, 6, 43, 58, 106, 16, 92, 25, 107, 108, 22, 74, 66, 72, 44, 112, 28, 54, 68, 30, 64, 90, 14, 104, 96, 82, 102, 26, 40, 8, 12, 80, 18, 36, 76, 42, 0]
random-060-09743;11398;41.403;[0, 101, 61, 99, 85, 69, 37, 65, 119, 67, 19, 59, 3, 47, 73, 95, 9, 87, 29, 57, 75, 102, 25, 60, 103, 63, 71, 83, 53, 5, 39, 117, 113, 81, 51, 41, 74, 23, 42, 107, 64, 10, 77, 91, 43, 31, 118, 32, 120, 11, 7, 54, 108, 97, 1, 104, 72, 109, 82, 20, 45, 84, 58, 78, 15, 89, 33, 90, 76, 111, 88, 105, 48, 27, 86, 62, 115, 34, 16, 106, 30, 116, 46, 38, 114, 17, 40, 4, 44, 110, 93, 70, 52, 26, 12, 21, 49, 50, 96, 13, 6, 55, 92, 68, 112, 24, 8, 100, 35, 18, 98, 66, 79, 56, 36, 94, 28, 22, 14, 2, 80, 0]
random-060-10651;13708;44.992;[0, 109, 107, 103, 61, 49, 115, 104, 45, 43, 59, 111, 47, 9, 60, 53, 79, 75, 33, 31, 11, 50, 10, 44, 73, 57, 3, 17, 41, 55, 71, 18, 76, 46, 62, 34, 56, 91, 72, 89, 32, 87, 99, 65, 119, 27, 95, 69, 25, 101, 80, 15, 100, 93, 88, 92, 16, 63, 37, 66, 85, 81, 82, 38, 94, 23, 97, 74, 77, 29, 5, 1, 78, 83, 110, 30, 116, 48, 96, 98, 102, 39, 84, 42, 105, 21, 120, 67, 51, 7, 4, 35, 64, 13, 12, 113, 40, 8, 117, 108, 28, 58, 112, 24, 19, 86, 118, 14, 68, 6, 90, 52, 2, 20, 36, 26, 70, 54, 106, 114, 22, 0]
random-060-11560;11673;44.969;[0, 107, 17, 89, 97, 115, 35, 9, 33, 109, 51, 83, 65, 5, 79, 57, 117, 10, 23, 47, 52, 85, 39, 105, 86, 87, 116, 25, 88, 106, 3, 53, 63, 31, 71, 61, 59, 7, 37, 119, 6, 8, 45, 72, 32, 55, 99, 27, 43, 84, 36, 28, 29, 1, 58, 62, 67, 95, 56, 11, 18, 48, 100, 96, 30, 26, 34, 49, 21, 118, 90, 13, 75, 73, 54, 101, 81, 24, 46, 41, 15, 113, 93, 69, 4, 16, 2, 19, 120, 103, 91, 82, 68, 44, 77, 60, 111, 64, 66, 14, 40, 74, 108, 76, 92, 112, 110, 102, 80, 104, 98, 70, 50, 42, 22, 20, 12, 114, 38, 94, 78, 0]
random-060-12468;13234;40.097;[0, 37, 117, 33, 119, 47, 29, 107, 61, 30, 89, 93, 91, 111, 67, 112, 108, 45, 103, 94, 90, 79, 109, 25, 15, 97, 77, 71, 65, 81, 1, 66, 34, 23, 59, 104, 82, 63, 19, 118, 105, 80, 62, 113, 46, 72, 120, 43, 114, 115, 53, 57, 35, 110, 58, 7, 16, 13, 2, 20, 99, 38, 73, 101, 100, 36, 87, 60, 31, 41, 68, 55, 69, 49, 88, 5, 39, 98, 44, 70, 6, 48, 74, 116, 92, 75, 56, 95, 9, 17, 11, 83, 42, 76, 21, 8, 51, 3, 54, 4, 22, 32, 50, 64, 52, 106, 78, 85, 14, 18, 24, 86, 12, 27, 84, 102, 40, 10, 96, 26, 28, 0]
random-060-13377;12327;42.371;[0, 87, 17, 7, 63, 85, 5, 97, 99, 21, 55, 81, 119, 73, 25, 3, 33, 53, 103, 34, 77, 91, 39, 27, 109, 71, 43, 98, 9, 51, 54, 93, 41, 13, 111, 23, 100, 94, 56, 45, 107, 110, 24, 65, 29, 82, 83, 49, 44, 11, 105, 4, 67, 31, 19, 88, 57, 40, 120, 42, 28, 72, 37, 66, 38, 115, 8, 30, 92, 47, 75, 79, 101, 104, 50, 74, 76, 78, 102, 84, 89, 68, 64, 12, 86, 59, 48, 113, 69, 61, 20, 58, 35, 46, 80, 6, 52, 36, 22, 90, 62, 10, 114, 15, 95, 16, 14, 32, 116, 112, 60, 1, 2, 18, 108, 117, 26, 70, 106, 96, 118, 0]
random-060-14286;11650;41.870;[0, 27, 15, 59, 1, 97, 51, 85, 7, 81, 57, 11, 19, 39, 8, 89, 31, 91, 2, 92, 119, 60, 109, 33, 29, 30, 45, 65, 34, 120, 21, 110, 113, 37, 99, 90, 52, 17, 18, 5, 43, 41, 61, 53, 117, 118, 25, 22, 20, 32, 16, 82, 93, 3, 38, 69, 4, 75, 94, 77, 70, 114, 98, 115, 103, 71, 66, 86, 40, 6, 101, 105, 100, 106, 79, 111, 62, 63, 95, 67, 58, 68, 9, 54, 13, 35, 12, 46, 112, 73, 10, 116, 44, 49, 80, 55, 36, 76, 50, 87, 23, 47, 88, 42, 24, 26, 56, 83, 78, 102, 28, 64, 104, 14, 96, 107, 74, 108, 84, 72, 48, 0]
random-060-15097;12330;39.910;[0, 35, 5, 73, 99, 109, 85, 37, 3, 39, 71, 69, 97, 41, 103, 65, 95, 49, 55, 45, 101, 25, 27, 107, 61, 15, 26, 62, 102, 50, 16, 105, 17, 19, 23, 81, 57, 113, 111, 86, 96, 1, 58, 53, 31, 115, 28, 87, 43, 88, 13, 29, 77, 9, 117, 44, 59, 72, 83, 104, 33, 89, 119, 6, 106, 75, 47, 67, 56, 91, 40, 93, 108, 63, 34, 51, 94, 46, 118, 76, 74, 114, 64, 68, 90, 38, 20, 92, 30, 60, 18, 10, 120, 78, 7, 110, 48, 11, 12, 79, 42, 54, 70, 4, 52, 66, 2, 80, 14, 24, 112, 8, 100, 21, 22, 98, 82, 84, 36, 32, 116, 0]
random-060-15194;12988;41.965;[0, 3, 63, 53, 1, 85, 64, 9, 4, 117, 119, 61, 15, 118, 43, 51, 105, 101, 17, 111, 35, 7, 39, 79, 73, 91, 54, 55, 11, 83, 52, 87, 77, 78, 80, 97, 49, 95, 99, 21, 69, 33, 112, 84, 103, 71, 107, 13, 120, 74, 34, 5, 47, 6, 40, 23, 96, 29, 109, 10, 31, 113, 65, 62, 88, 104, 93, 81, 57, 41, 37, 58, 75, 16, 76, 82, 67, 8, 106, 115, 25, 27, 94, 18, 102, 72, 116, 38, 32, 100, 22, 92, 36, 86, 108, 30, 48, 45, 19, 12, 14, 28, 89, 50, 46, 114, 26, 68, 59, 24, 56, 20, 44, 66, 42, 70, 98, 60, 90, 2, 110, 0]
random-060-16586;12144;43.278;[0, 43, 91, 95, 87, 79, 31, 45, 21, 99, 22, 97, 9, 3, 98, 47, 19, 89, 113, 83, 7, 80, 109, 15, 105, 90, 110, 13, 55, 75, 33, 14, 101, 29, 61, 119, 23, 107, 24, 73, 51, 16, 71, 59, 39, 117, 49, 111, 35, 11, 56, 17, 114, 30, 103, 63, 46, 20, 88, 106, 27, 120, 44, 74, 93, 57, 72, 48, 62, 65, 1, 102, 77, 85, 84, 37, 112, 92, 96, 32, 50, 52, 40, 60, 36, 12, 81, 38, 94, 115, 104, 10, 78, 25, 28, 67, 64, 116, 8, 34, 4, 100, 69, 86, 70, 108, 26, 82, 58, 18, 118, 5, 66, 53, 76, 41, 2, 6, 42, 68, 54, 0]
random-060-17495;11727;37.301;[0, 119, 37, 1, 61, 91, 99, 27, 107, 81, 87, 62, 9, 2, 85, 11, 31, 25, 111, 95, 35, 117, 26, 28, 97, 79, 118, 47, 49, 39, 53, 51, 52, 38, 69, 75, 15, 5, 120, 36, 86, 17, 80, 93, 63, 33, 29, 3, 19, 65, 67, 57, 89, 105, 103, 45, 58, 106, 13, 41, 83, 7, 59, 92, 100, 104, 32, 108, 98, 90, 71, 10, 60, 94, 8, 76, 20, 40, 4, 84, 96, 66, 112, 30, 68, 23, 77, 101, 43, 12, 42, 50, 70, 34, 113, 73, 82, 115, 109, 46, 110, 72, 21, 54, 22, 102, 16, 55, 6, 116, 64, 88, 114, 18, 48, 56, 44, 78, 24, 14, 74, 0]
random-060-18403;13746;43.926;[0, 31, 32, 115, 29, 71, 41, 11, 42, 72, 37, 69, 15, 55, 101, 73, 61, 113, 97, 17, 57, 107, 99, 70, 56, 13, 105, 30, 81, 16, 117, 82, 114, 53, 98, 67, 27, 49, 12, 38, 62, 18, 14, 68, 102, 21, 109, 118, 59, 25, 58, 9, 35, 39, 75, 28, 74, 26, 116, 33, 40, 36, 111, 63, 10, 65, 43, 44, 19, 83, 47, 5, 66, 103, 100, 104, 84, 77, 119, 120, 51, 23, 3, 106, 34, 79, 87, 95, 4, 88, 80, 45, 52, 7, 89, 78, 91, 90, 60, 20, 48, 93, 76, 46, 85, 8, 6, 108, 22, 96, 64, 1, 50, 110, 2, 112, 54, 24, 92, 86, 94, 0]
random-060-19312;11507;43.602;[0, 1, 31, 43, 101, 79, 109, 110, 87, 15, 21, 32, 63, 77, 39, 89, 78, 25, 51, 90, 93, 119, 44, 83, 27, 41, 22, 35, 55, 49, 95, 17, 13, 40, 28, 59, 96, 60, 18, 37, 65, 57, 7, 33, 105, 115, 67, 97, 50, 80, 26, 64, 61, 19, 3, 120, 111, 107, 102, 108, 62, 85, 16, 47, 113, 48, 116, 86, 8, 98, 38, 69, 99, 56, 103, 94, 114, 4, 75, 23, 24, 9, 106, 42, 81, 52, 71, 73, 91, 45, 29, 117, 66, 88, 36, 53, 11, 20, 68, 58, 14, 5, 46, 34, 112, 10, 72, 6, 2, 100, 70, 118, 92, 54, 74, 84, 30, 12, 76, 104, 82, 0]
random-060-20221;11735;42.840;[0, 39, 109, 1, 115, 37, 38, 51, 33, 55, 113, 119, 105, 31, 69, 75, 47, 21, 43, 11, 41, 99, 9, 34, 25, 81, 110, 7, 49, 82, 22, 19, 106, 76, 40, 111, 97, 44, 2, 48, 53, 95, 35, 27, 120, 85, 65, 61, 20, 87, 93, 26, 3, 45, 54, 107, 71, 17, 103, 5, 88, 18, 89, 6, 98, 91, 67, 73, 29, 10, 56, 72, 86, 4, 117, 42, 116, 101, 100, 102, 79, 112, 90, 118, 8, 94, 108, 92, 62, 52, 15, 80, 32, 50, 30, 46, 77, 23, 24, 114, 68, 57, 104, 70, 59, 36, 58, 60, 13, 63, 78, 66, 64, 14, 74, 12, 16, 28, 83, 96, 84, 0]
random-060-21129;12463;43.165;[0, 5, 81, 115, 1, 119, 15, 107, 11, 2, 53, 33, 77, 35, 109, 71, 27, 89, 103, 104, 73, 111, 110, 67, 57, 7, 90, 41, 42, 43, 112, 16, 105, 79, 37, 59, 23, 61, 108, 78, 19, 87, 85, 116, 82, 69, 3, 29, 28, 21, 93, 36, 13, 68, 17, 54, 51, 45, 91, 75, 9, 60, 39, 86, 12, 76, 47, 95, 62, 117, 118, 65, 6, 24, 49, 63, 31, 70, 83, 20, 92, 32, 113, 34, 114, 46, 106, 52, 38, 58, 101, 50, 44, 94, 40, 30, 120, 64, 14, 84, 80, 25, 26, 88, 55, 22, 102, 4, 99, 96, 100, 8, 48, 97, 98, 72, 18, 56, 74, 66, 10, 0]
random-060-22038;11999;43.509;[0, 23, 101, 35, 55, 3, 59, 115, 47, 45, 25, 11, 46, 107, 97, 65, 37, 63, 43, 119, 87, 105, 109, 91, 48, 17, 36, 69, 29, 99, 49, 103, 71, 61, 4, 85, 51, 12, 67, 56, 41, 1, 64, 21, 116, 86, 110, 15, 16, 5, 117, 60, 24, 13, 73, 57, 75, 52, 53, 108, 81, 31, 74, 77, 83, 19, 33, 120, 32, 58, 18, 20, 72, 70, 79, 62, 76, 89, 27, 7, 2, 8, 92, 66, 68, 113, 114, 9, 111, 78, 98, 28, 106, 112, 102, 90, 80, 50, 34, 30, 44, 42, 84, 39, 82, 40, 26, 22, 88, 38, 54, 14, 100, 104, 6, 93, 94, 95, 10, 118, 96, 0]
random-060-22946;12237;39.537;[0, 33, 31, 15, 119, 65, 5, 111, 37, 17, 89, 25, 7, 117, 59, 51, 115, 116, 47, 18, 53, 85, 1, 87, 83, 45, 88, 69, 112, 91, 70, 48, 79, 99, 75, 3, 13, 95, 54, 46, 107, 73, 9, 38, 113, 39, 71, 61, 14, 93, 96, 4, 23, 24, 67, 84, 57, 80, 29, 11, 49, 90, 105, 68, 97, 101, 21, 86, 74, 30, 43, 60, 81, 8, 52, 27, 118, 35, 26, 63, 103, 19, 55, 56, 100, 40, 2, 6, 102, 106, 50, 44, 16, 62, 104, 109, 120, 34, 92, 12, 82, 41, 28, 32, 98, 77, 42, 108, 22, 58, 64, 66, 78, 76, 20, 114, 94, 10, 110, 72, 36, 0]
random-060-23855;12329;41.526;[0, 97, 55, 49, 117, 98, 61, 87, 77, 103, 105, 106, 53, 71, 57, 21, 37, 69, 25, 38, 33, 88, 73, 74, 83, 109, 41, 107, 15, 5, 43, 93, 67, 108, 94, 17, 23, 7, 104, 101, 39, 29, 31, 42, 32, 68, 51, 119, 40, 85, 75, 13, 22, 91, 27, 92, 9, 115, 118, 1, 45, 72, 78, 26, 63, 3, 89, 81, 2, 47, 19, 34, 110, 95, 11, 50, 24, 52, 44, 79, 111, 99, 76, 14, 59, 62, 18, 90, 56, 20, 113, 120, 10, 35, 60, 6, 58, 114, 100, 70, 16, 12, 82, 112, 46, 54, 64, 80, 4, 84, 116, 65, 96, 86, 30, 102, 8, 66, 36, 28, 48, 0]
random-060-29790;11479;43.361;[0, 113, 65, 61, 53, 81, 115, 67, 17, 21, 79, 93, 77, 91, 83, 73, 7, 68, 97, 109, 85, 78, 39, 5, 27, 119, 116, 111, 45, 49, 117, 99, 37, 63, 51, 64, 3, 11, 55, 101, 56, 87, 9, 94, 1, 103, 57, 12, 23, 46, 13, 95, 59, 98, 22, 31, 8, 43, 18, 80, 84, 110, 114, 75, 14, 4, 2, 29, 107, 50, 33, 74, 32, 10, 54, 69, 19, 76, 28, 47, 108, 62, 41, 100, 42, 30, 20, 24, 34, 6, 120, 44, 118, 40, 25, 71, 72, 60, 96, 66, 105, 106, 48, 86, 112, 89, 38, 88, 82, 52, 26, 90, 58, 92, 70, 15, 104, 35, 16, 102, 36, 0]
random-060-30699;12241;43.595;[0, 113, 91, 69, 97, 111, 61, 73, 1, 63, 112, 85, 57, 98, 31, 70, 9, 10, 77, 74, 43, 11, 2, 32, 33, 86, 93, 119, 17, 95, 92, 120, 89, 19, 12, 79, 51, 87, 58, 103, 64, 39, 37, 115, 104, 21, 44, 34, 41, 67, 52, 53, 13, 3, 75, 71, 83, 22, 18, 15, 38, 68, 90, 88, 14, 65, 4, 7, 25, 35, 84, 23, 20, 59, 76, 29, 99, 72, 116, 8, 117, 105, 80, 47, 78, 107, 81, 24, 109, 27, 101, 82, 55, 5, 108, 30, 102, 49, 106, 40, 94, 45, 42, 96, 62, 16, 54, 114, 60, 48, 50, 46, 36, 66, 100, 28, 118, 26, 6, 110, 56, 0]
random-060-31607;10959;43.362;[0, 15, 101, 77, 79, 39, 93, 57, 111, 87, 73, 89, 83, 33, 25, 1, 43, 95, 49, 2, 26, 71, 5, 97, 69, 113, 114, 9, 63, 35, 72, 17, 98, 13, 102, 85, 59, 40, 117, 84, 78, 7, 81, 109, 37, 50, 65, 60, 44, 45, 75, 55, 29, 11, 67, 10, 18, 94, 105, 96, 64, 23, 107, 3, 106, 74, 99, 19, 47, 103, 70, 51, 34, 86, 31, 66, 80, 91, 92, 16, 108, 6, 27, 53, 110, 38, 76, 21, 14, 20, 58, 61, 8, 46, 68, 119, 41, 54, 115, 62, 116, 4, 52, 112, 12, 88, 82, 56, 118, 28, 42, 22, 90, 48, 30, 32, 24, 36, 120, 104, 100, 0]
random-080-00580;14441;40.153;[0, 121, 157, 17, 113, 95, 123, 91, 107, 122, 124, 105, 1, 27, 159, 85, 131, 59, 132, 96, 83, 143, 3, 141, 153, 160, 23, 155, 61, 19, 13, 101, 55, 18, 31, 93, 47, 15, 89, 111, 137, 35, 97, 51, 69, 84, 43, 86, 75, 11, 125, 79, 119, 142, 144, 4, 156, 115, 52, 103, 114, 80, 149, 154, 57, 106, 94, 126, 20, 81, 44, 76, 87, 109, 99, 150, 49, 21, 41, 158, 98, 71, 22, 77, 100, 63, 39, 129, 130, 67, 2, 32, 33, 116, 145, 25, 117, 147, 151, 65, 24, 62, 68, 9, 133, 148, 5, 108, 34, 90, 16, 72, 48, 56, 36, 12, 127, 14, 6, 28, 118, 66, 10, 53, 120, 102, 45, 112, 58, 88, 138, 42, 104, 50, 135, 82, 73, 74, 29, 134, 92, 60, 146, 40, 128, 7, 78, 30, 46, 152, 54, 64, 37, 26, 110, 136, 139, 70, 8, 140, 38, 0]
random-080-02318;15702;42.325;[0, 61, 111, 71, 9, 91, 45, 41, 87, 17, 143, 139, 65, 123, 37, 113, 47, 43, 18, 121, 59, 159, 63, 67, 7, 140, 49, 57, 95, 97, 8, 42, 92, 141, 46, 33, 81, 35, 93, 15, 44, 11, 135, 62, 137, 89, 10, 72, 145, 146, 112, 155, 131, 98, 75, 144, 96, 38, 69, 103, 107, 147, 31, 151, 51, 156, 5, 58, 105, 104, 125, 101, 138, 99, 127, 149, 133, 29, 128, 76, 115, 153, 79, 124, 100, 126, 150, 88, 16, 30, 82, 73, 83, 117, 48, 74, 160, 102, 39, 55, 53, 152, 157, 136, 12, 70, 40, 23, 68, 132, 114, 108, 158, 80, 134, 13, 50, 14, 25, 85, 52, 66, 142, 148, 77, 24, 64, 1, 19, 2, 119, 106, 118, 109, 129, 110, 3, 78, 122, 6, 34, 20, 21, 86, 116, 4, 90, 94, 27, 22, 28, 54, 84, 120, 36, 130, 32, 26, 154, 56, 60, 0]
random-080-06515;15009;33.278;[0, 91, 7, 145, 13, 41, 141, 17, 127, 39, 19, 21, 99, 1, 23, 65, 105, 151, 25, 111, 153, 143, 97, 155, 131, 20, 152, 135, 57, 113, 61, 53, 47, 83, 89, 101, 77, 29, 79, 11, 18, 102, 112, 78, 149, 157, 49, 132, 81, 71, 85, 30, 133, 159, 67, 129, 150, 51, 80, 93, 33, 160, 121, 86, 43, 125, 139, 144, 12, 100, 90, 137, 58, 126, 8, 123, 62, 44, 55, 115, 103, 66, 158, 104, 45, 50, 109, 24, 42, 95, 119, 73, 146, 22, 26, 5, 2, 35, 14, 37, 40, 117, 31, 52, 38, 136, 140, 120, 118, 142, 96, 6, 92, 72, 128, 3, 147, 116, 156, 27, 154, 4, 114, 107, 148, 36, 138, 28, 69, 94, 59, 70, 82, 106, 34, 87, 98, 15, 63, 134, 9, 84, 64, 75, 122, 56, 16, 88, 32, 54, 46, 60, 76, 108, 74, 130, 48, 68, 110, 124, 10, 0]
random-080-06940;14238;44.608;[0, 63, 29, 17, 115, 5, 79, 101, 80, 45, 9, 111, 6, 41, 46, 49, 97, 25, 77, 71, 89, 145, 61, 31, 131, 85, 53, 95, 109, 91, 7, 50, 105, 110, 149, 83, 112, 51, 125, 10, 1, 65, 153, 150, 159, 42, 133, 160, 117, 129, 11, 13, 93, 151, 69, 23, 39, 14, 99, 19, 33, 130, 40, 15, 137, 59, 98, 27, 28, 12, 47, 73, 37, 2, 106, 127, 94, 138, 57, 24, 3, 52, 72, 96, 81, 135, 30, 75, 107, 76, 143, 21, 87, 102, 100, 92, 66, 103, 26, 4, 147, 54, 116, 70, 118, 126, 157, 148, 20, 55, 132, 104, 144, 67, 60, 146, 86, 68, 158, 82, 141, 108, 88, 113, 142, 64, 134, 32, 35, 74, 43, 90, 34, 123, 139, 16, 48, 119, 56, 155, 22, 78, 8, 140, 121, 38, 62, 114, 18, 152, 58, 120, 44, 122, 154, 124, 36, 84, 136, 156, 128, 0]
random-080-07424;13728;38.874;[0, 79, 93, 47, 103, 119, 5, 7, 55, 49, 139, 91, 25, 35, 127, 48, 75, 67, 159, 27, 28, 53, 101, 13, 76, 87, 125, 83, 43, 68, 81, 143, 71, 92, 63, 115, 85, 1, 56, 151, 133, 65, 97, 15, 29, 107, 94, 157, 89, 131, 155, 111, 153, 123, 137, 113, 147, 135, 69, 108, 156, 138, 90, 154, 132, 112, 98, 158, 144, 124, 126, 77, 145, 33, 19, 88, 73, 20, 34, 129, 120, 148, 116, 16, 6, 41, 130, 70, 66, 102, 84, 117, 9, 37, 30, 3, 4, 11, 42, 105, 99, 36, 12, 61, 17, 21, 26, 152, 72, 78, 2, 22, 50, 121, 39, 31, 74, 122, 136, 64, 95, 141, 57, 51, 8, 14, 96, 146, 140, 18, 62, 58, 32, 134, 59, 106, 109, 142, 114, 128, 23, 38, 149, 54, 45, 104, 100, 150, 60, 44, 46, 82, 52, 80, 10, 160, 24, 40, 118, 86, 110, 0]
random-080-07849;13944;42.188;[0, 39, 57, 13, 81, 85, 19, 37, 82, 41, 45, 133, 147, 157, 51, 123, 79, 46, 148, 53, 89, 143, 63, 27, 87, 71, 23, 95, 117, 137, 72, 29, 77, 107, 144, 131, 119, 61, 125, 145, 73, 118, 47, 35, 80, 31, 115, 38, 14, 67, 116, 15, 78, 75, 58, 25, 129, 74, 139, 126, 124, 49, 16, 141, 64, 158, 28, 5, 151, 108, 101, 91, 7, 113, 149, 48, 9, 111, 135, 152, 17, 54, 55, 93, 6, 150, 20, 40, 59, 42, 112, 99, 43, 65, 36, 76, 11, 21, 69, 140, 10, 32, 146, 12, 94, 153, 100, 52, 3, 70, 62, 136, 105, 103, 56, 106, 86, 127, 134, 138, 4, 50, 90, 92, 8, 22, 128, 97, 159, 24, 33, 130, 96, 83, 98, 44, 155, 88, 30, 1, 60, 156, 68, 154, 132, 120, 142, 109, 66, 84, 2, 110, 160, 121, 34, 114, 102, 26, 18, 104, 122, 0]
random-080-08332;14880;32.434;[0, 59, 147, 157, 33, 133, 141, 63, 143, 27, 159, 45, 97, 153, 11, 137, 1, 89, 61, 79, 95, 17, 15, 2, 125, 127, 53, 93, 37, 23, 51, 119, 109, 3, 103, 54, 43, 41, 67, 71, 75, 101, 12, 13, 142, 131, 65, 145, 155, 5, 42, 55, 66, 115, 116, 83, 21, 107, 46, 69, 29, 85, 99, 148, 81, 9, 102, 98, 139, 90, 87, 117, 158, 60, 134, 52, 118, 156, 76, 49, 14, 25, 113, 82, 149, 96, 77, 91, 73, 35, 19, 47, 31, 24, 78, 6, 20, 32, 57, 105, 39, 151, 121, 7, 10, 144, 64, 72, 106, 48, 86, 114, 140, 154, 88, 150, 22, 58, 74, 92, 40, 146, 152, 26, 34, 8, 70, 38, 160, 132, 94, 80, 126, 122, 138, 120, 100, 104, 111, 84, 108, 112, 128, 135, 28, 44, 123, 136, 129, 110, 62, 16, 124, 30, 56, 68, 130, 4, 50, 18, 36, 0]
random-080-08758;13813;39.312;[0, 29, 5, 49, 153, 27, 51, 81, 109, 47, 67, 157, 63, 33, 68, 159, 37, 127, 52, 35, 151, 103, 19, 137, 138, 43, 1, 107, 108, 13, 160, 31, 143, 73, 89, 6, 141, 61, 125, 44, 15, 11, 101, 41, 126, 59, 23, 85, 50, 74, 20, 30, 32, 24, 113, 36, 93, 28, 86, 110, 55, 62, 12, 64, 97, 144, 129, 147, 131, 87, 95, 9, 145, 38, 88, 10, 139, 152, 79, 75, 105, 21, 7, 102, 16, 48, 69, 14, 119, 77, 25, 71, 155, 115, 83, 3, 123, 80, 70, 57, 124, 117, 17, 146, 148, 91, 132, 65, 78, 135, 2, 34, 154, 26, 53, 133, 134, 99, 111, 45, 121, 104, 128, 76, 8, 112, 136, 149, 39, 116, 84, 18, 60, 82, 58, 54, 106, 22, 120, 46, 150, 156, 130, 122, 96, 42, 118, 40, 72, 140, 92, 98, 100, 158, 90, 66, 114, 142, 4, 56, 94, 0]
random-080-09241;14478;39.831;[0, 45, 141, 9, 19, 13, 149, 71, 111, 109, 61, 135, 89, 95, 112, 27, 37, 43, 72, 62, 41, 153, 29, 47, 139, 115, 145, 75, 127, 14, 116, 150, 117, 93, 96, 21, 110, 113, 39, 76, 48, 42, 77, 94, 44, 67, 35, 87, 73, 81, 85, 155, 74, 1, 5, 53, 86, 91, 147, 78, 83, 148, 154, 101, 15, 2, 28, 84, 90, 105, 119, 79, 159, 59, 118, 51, 125, 55, 31, 49, 38, 107, 80, 30, 137, 138, 151, 23, 131, 25, 103, 152, 33, 32, 132, 60, 88, 106, 126, 136, 160, 123, 17, 26, 24, 114, 129, 104, 92, 16, 143, 57, 34, 156, 68, 20, 120, 54, 142, 52, 144, 82, 124, 121, 7, 65, 22, 99, 133, 11, 69, 40, 140, 134, 8, 66, 100, 56, 63, 18, 97, 157, 128, 3, 64, 6, 46, 130, 36, 58, 146, 4, 102, 108, 10, 70, 122, 50, 12, 98, 158, 0]
random-080-09666;13935;33.033;[0, 83, 61, 73, 35, 62, 109, 137, 115, 43, 135, 93, 69, 63, 84, 147, 11, 123, 99, 15, 131, 55, 133, 79, 141, 142, 29, 36, 159, 153, 117, 101, 143, 75, 103, 71, 145, 121, 53, 160, 154, 136, 122, 9, 54, 81, 144, 146, 59, 51, 60, 37, 139, 127, 157, 149, 41, 148, 21, 42, 104, 128, 5, 95, 107, 85, 155, 96, 94, 150, 44, 124, 47, 151, 129, 49, 111, 33, 91, 45, 25, 125, 105, 87, 56, 134, 31, 32, 82, 57, 138, 126, 46, 76, 86, 140, 119, 6, 26, 77, 74, 3, 108, 116, 110, 27, 12, 102, 48, 120, 16, 88, 100, 80, 34, 17, 52, 10, 113, 39, 1, 22, 106, 97, 13, 152, 112, 40, 70, 89, 92, 67, 72, 7, 8, 14, 64, 23, 24, 158, 132, 2, 78, 19, 118, 65, 20, 4, 130, 90, 156, 28, 98, 50, 66, 114, 18, 30, 38, 58, 68, 0]
random-080-10149;14866;39.126;[0, 27, 85, 33, 127, 21, 95, 137, 75, 125, 55, 45, 123, 151, 37, 97, 153, 155, 79, 109, 51, 7, 77, 3, 141, 91, 41, 86, 131, 135, 25, 15, 159, 57, 76, 53, 11, 29, 89, 87, 49, 78, 157, 126, 71, 156, 90, 138, 1, 12, 110, 111, 19, 142, 132, 105, 35, 149, 150, 139, 17, 5, 112, 143, 119, 72, 50, 88, 140, 92, 36, 117, 13, 101, 46, 18, 98, 42, 61, 124, 22, 43, 63, 73, 47, 56, 31, 147, 96, 83, 154, 52, 34, 133, 103, 129, 107, 106, 81, 118, 93, 113, 130, 102, 80, 9, 114, 23, 65, 104, 20, 38, 74, 134, 2, 14, 94, 84, 67, 8, 148, 59, 82, 99, 10, 58, 145, 68, 128, 6, 121, 66, 44, 146, 152, 32, 69, 48, 28, 30, 60, 64, 24, 54, 120, 122, 100, 70, 160, 158, 108, 4, 136, 26, 62, 16, 115, 39, 116, 40, 144, 0]
random-080-10575;13914;31.668;[0, 65, 89, 131, 13, 157, 19, 59, 41, 43, 119, 63, 17, 101, 21, 57, 69, 66, 87, 145, 1, 147, 49, 151, 149, 23, 27, 111, 132, 133, 2, 83, 135, 129, 139, 39, 158, 25, 121, 134, 40, 37, 5, 71, 81, 75, 93, 152, 105, 95, 155, 47, 123, 141, 150, 137, 91, 85, 58, 113, 103, 148, 64, 88, 86, 45, 72, 7, 3, 18, 51, 9, 70, 127, 55, 4, 35, 142, 106, 56, 153, 140, 128, 97, 61, 31, 125, 42, 28, 82, 60, 114, 124, 107, 115, 44, 20, 24, 11, 126, 159, 154, 112, 14, 76, 120, 67, 77, 156, 146, 29, 102, 136, 6, 15, 52, 96, 109, 90, 99, 36, 22, 92, 50, 33, 53, 130, 30, 160, 94, 73, 143, 78, 68, 79, 84, 104, 110, 117, 80, 16, 100, 118, 48, 54, 26, 32, 8, 138, 62, 46, 108, 122, 10, 38, 116, 12, 74, 98, 34, 144, 0]
random-080-12875;13795;37.054;[0, 23, 29, 121, 45, 49, 25, 31, 43, 81, 26, 47, 32, 55, 151, 53, 97, 147, 46, 27, 113, 117, 91, 9, 79, 65, 59, 131, 73, 95, 33, 35, 135, 75, 149, 77, 19, 145, 3, 37, 15, 105, 11, 12, 66, 92, 129, 89, 67, 143, 119, 44, 115, 101, 13, 114, 41, 157, 20, 123, 50, 141, 56, 16, 14, 107, 76, 83, 48, 132, 148, 136, 133, 150, 10, 34, 60, 103, 24, 85, 74, 36, 116, 21, 87, 57, 88, 63, 7, 125, 130, 90, 146, 106, 98, 30, 82, 93, 4, 54, 17, 118, 39, 96, 78, 5, 71, 84, 120, 134, 61, 158, 38, 64, 102, 62, 139, 127, 159, 18, 51, 6, 42, 80, 155, 99, 108, 68, 160, 104, 28, 69, 1, 124, 58, 156, 109, 137, 94, 144, 2, 153, 52, 142, 111, 154, 8, 40, 140, 70, 152, 110, 100, 22, 126, 112, 122, 86, 138, 128, 72, 0]
random-080-15601;14005;37.469;[0, 151, 41, 119, 65, 81, 155, 43, 57, 157, 75, 115, 91, 113, 105, 133, 17, 149, 71, 69, 137, 23, 59, 9, 44, 135, 107, 158, 77, 60, 35, 78, 127, 117, 97, 10, 156, 121, 128, 11, 118, 45, 5, 63, 55, 53, 67, 6, 64, 56, 12, 123, 25, 143, 46, 95, 89, 141, 93, 51, 27, 82, 18, 26, 150, 66, 129, 153, 99, 76, 96, 159, 160, 83, 92, 154, 7, 3, 4, 103, 33, 125, 79, 19, 58, 142, 39, 85, 139, 131, 31, 29, 138, 32, 15, 111, 145, 126, 87, 146, 108, 134, 49, 50, 106, 20, 37, 147, 100, 24, 101, 68, 94, 1, 2, 136, 73, 116, 74, 109, 122, 72, 21, 47, 22, 13, 80, 90, 16, 152, 42, 61, 110, 86, 52, 40, 120, 34, 124, 104, 98, 70, 132, 84, 130, 38, 30, 62, 88, 148, 8, 102, 140, 36, 54, 112, 14, 48, 114, 144, 28, 0]
random-080-18327;15162;30.339;[0, 47, 9, 17, 87, 103, 151, 7, 1, 5, 99, 93, 27, 41, 123, 157, 39, 45, 89, 145, 31, 127, 8, 111, 85, 159, 61, 49, 50, 149, 86, 124, 115, 53, 54, 155, 153, 117, 152, 79, 141, 59, 73, 69, 121, 150, 95, 62, 101, 25, 137, 109, 122, 23, 6, 135, 11, 15, 32, 70, 51, 48, 91, 125, 19, 12, 133, 75, 119, 80, 112, 147, 129, 160, 13, 55, 63, 10, 64, 57, 120, 96, 107, 67, 37, 148, 97, 35, 98, 42, 131, 83, 2, 142, 68, 40, 116, 77, 108, 136, 65, 60, 130, 128, 3, 105, 43, 81, 28, 146, 21, 18, 76, 143, 29, 134, 66, 94, 30, 84, 38, 90, 58, 132, 144, 78, 92, 22, 26, 20, 52, 138, 74, 104, 113, 36, 106, 156, 100, 126, 33, 118, 34, 158, 139, 102, 56, 46, 114, 14, 71, 44, 24, 82, 140, 88, 154, 4, 110, 72, 16, 0]
random-080-19236;14781;38.295;[0, 33, 133, 143, 159, 117, 53, 34, 147, 134, 1, 127, 59, 69, 37, 75, 38, 144, 89, 91, 95, 135, 113, 71, 9, 160, 129, 63, 70, 51, 141, 29, 119, 35, 125, 15, 79, 153, 45, 7, 61, 21, 13, 23, 25, 93, 109, 80, 30, 57, 111, 55, 120, 157, 5, 105, 58, 77, 67, 114, 78, 41, 85, 81, 2, 49, 10, 92, 151, 154, 86, 139, 52, 118, 16, 36, 64, 62, 3, 103, 72, 46, 60, 158, 145, 152, 56, 101, 126, 43, 22, 110, 44, 83, 97, 26, 24, 94, 4, 128, 84, 102, 137, 87, 99, 47, 73, 96, 121, 155, 107, 11, 115, 19, 17, 6, 54, 142, 20, 12, 65, 48, 131, 140, 136, 76, 130, 149, 90, 18, 14, 123, 39, 82, 148, 42, 108, 112, 116, 122, 100, 106, 132, 88, 8, 68, 50, 146, 150, 66, 31, 27, 28, 32, 104, 156, 74, 138, 40, 124, 98, 0]
random-080-20144;13674;36.399;[0, 95, 93, 9, 91, 99, 59, 7, 5, 1, 111, 109, 60, 15, 155, 16, 79, 61, 65, 35, 89, 71, 87, 101, 51, 29, 139, 73, 159, 19, 105, 143, 63, 43, 123, 121, 81, 113, 135, 107, 31, 110, 140, 64, 49, 103, 114, 66, 145, 55, 21, 75, 62, 11, 156, 153, 50, 149, 74, 77, 57, 157, 115, 158, 137, 67, 125, 90, 27, 17, 82, 80, 144, 13, 37, 119, 69, 47, 3, 83, 41, 48, 42, 133, 20, 4, 129, 84, 8, 134, 76, 126, 136, 10, 100, 147, 127, 56, 25, 85, 36, 112, 72, 150, 53, 96, 45, 2, 86, 94, 39, 160, 6, 122, 23, 141, 97, 33, 148, 117, 102, 14, 70, 26, 68, 118, 38, 54, 154, 128, 142, 116, 108, 92, 151, 78, 58, 28, 104, 88, 120, 131, 124, 98, 24, 46, 130, 146, 18, 106, 30, 34, 138, 152, 40, 132, 32, 44, 12, 52, 22, 0]
random-080-21053;13615;43.086;[0, 97, 141, 49, 125, 25, 145, 21, 73, 83, 137, 131, 19, 27, 105, 95, 87, 51, 69, 151, 57, 149, 157, 67, 135, 31, 123, 152, 127, 153, 75, 143, 61, 133, 142, 33, 76, 52, 1, 43, 20, 129, 121, 84, 65, 9, 93, 35, 66, 34, 55, 138, 89, 13, 41, 44, 150, 88, 130, 62, 103, 7, 98, 91, 23, 28, 155, 122, 101, 77, 59, 78, 32, 58, 63, 15, 113, 128, 111, 81, 68, 107, 37, 156, 115, 117, 71, 79, 158, 53, 109, 80, 126, 146, 24, 50, 99, 54, 17, 14, 70, 26, 159, 112, 104, 85, 11, 90, 96, 56, 160, 132, 29, 39, 47, 2, 48, 108, 102, 82, 3, 4, 144, 16, 119, 139, 114, 45, 40, 154, 100, 5, 147, 10, 6, 64, 46, 72, 148, 92, 118, 120, 36, 18, 134, 42, 116, 110, 22, 74, 106, 38, 140, 60, 136, 86, 12, 94, 30, 8, 124, 0]
random-080-21961;13060;40.914;[0, 131, 69, 147, 109, 83, 133, 41, 125, 85, 45, 145, 155, 42, 97, 89, 19, 139, 43, 15, 90, 47, 5, 98, 23, 7, 55, 87, 113, 33, 3, 56, 129, 121, 31, 149, 99, 100, 49, 132, 81, 95, 11, 39, 93, 86, 134, 137, 37, 117, 127, 151, 148, 53, 27, 111, 50, 70, 146, 25, 156, 21, 9, 48, 94, 107, 153, 112, 28, 24, 26, 122, 13, 157, 115, 6, 108, 34, 105, 91, 35, 92, 12, 32, 36, 106, 38, 67, 118, 1, 57, 68, 119, 61, 101, 110, 46, 123, 29, 63, 126, 77, 20, 4, 116, 124, 159, 16, 71, 82, 88, 78, 102, 130, 22, 58, 150, 103, 8, 44, 62, 152, 140, 135, 104, 59, 54, 143, 73, 141, 17, 75, 10, 65, 51, 158, 96, 74, 142, 114, 72, 40, 52, 144, 79, 84, 18, 14, 80, 76, 128, 154, 138, 64, 2, 136, 160, 66, 60, 120, 30, 0]
random-080-27896;14337;41.605;[0, 151, 3, 91, 53, 67, 121, 137, 37, 127, 139, 125, 47, 31, 105, 32, 122, 155, 115, 61, 157, 55, 81, 9, 131, 89, 152, 85, 97, 62, 33, 21, 86, 143, 27, 153, 107, 90, 149, 140, 57, 48, 22, 93, 23, 28, 58, 135, 150, 54, 15, 136, 132, 144, 10, 126, 83, 29, 35, 111, 5, 98, 133, 77, 68, 13, 36, 78, 129, 34, 69, 51, 108, 138, 1, 63, 158, 128, 71, 43, 87, 106, 101, 88, 30, 145, 154, 17, 99, 72, 113, 147, 11, 75, 41, 59, 7, 73, 148, 112, 123, 114, 70, 156, 60, 79, 39, 119, 94, 65, 146, 6, 44, 56, 2, 4, 49, 95, 40, 42, 141, 82, 117, 103, 45, 38, 25, 46, 74, 134, 64, 104, 50, 142, 118, 120, 14, 159, 19, 109, 116, 8, 16, 130, 124, 52, 24, 110, 100, 18, 160, 92, 26, 20, 76, 66, 84, 12, 102, 80, 96, 0]
random-080-28322;13711;37.865;[0, 121, 31, 1, 151, 27, 157, 19, 17, 11, 5, 61, 67, 105, 23, 99, 37, 45, 97, 57, 21, 41, 29, 53, 119, 125, 149, 129, 9, 127, 13, 103, 65, 63, 126, 111, 10, 2, 123, 43, 54, 42, 55, 66, 139, 6, 93, 73, 91, 79, 89, 150, 75, 152, 104, 46, 90, 113, 130, 49, 80, 128, 140, 135, 94, 155, 156, 92, 117, 44, 158, 118, 98, 76, 3, 4, 136, 68, 133, 131, 20, 18, 107, 124, 101, 85, 141, 14, 83, 108, 62, 95, 109, 87, 81, 88, 132, 7, 47, 86, 145, 38, 146, 64, 39, 115, 122, 56, 58, 143, 74, 32, 24, 137, 120, 159, 116, 100, 12, 25, 71, 40, 84, 22, 30, 48, 138, 28, 134, 35, 147, 59, 114, 110, 148, 153, 8, 72, 51, 144, 69, 77, 36, 33, 154, 106, 82, 102, 15, 160, 50, 16, 142, 60, 52, 78, 96, 26, 34, 70, 112, 0]
random-080-29230;13895;28.291;[0, 133, 53, 99, 115, 103, 75, 39, 127, 15, 131, 47, 33, 71, 104, 123, 63, 141, 45, 35, 61, 17, 1, 97, 65, 129, 107, 142, 13, 119, 89, 145, 77, 83, 85, 59, 79, 91, 60, 41, 66, 3, 109, 19, 149, 151, 49, 16, 46, 7, 98, 146, 69, 76, 86, 27, 155, 62, 5, 8, 125, 6, 120, 134, 152, 28, 25, 117, 124, 70, 40, 121, 92, 108, 157, 105, 93, 143, 57, 43, 44, 135, 130, 37, 84, 31, 29, 73, 90, 116, 67, 110, 78, 150, 38, 9, 23, 81, 55, 159, 48, 147, 54, 136, 32, 68, 132, 137, 100, 64, 26, 111, 51, 156, 138, 112, 82, 56, 106, 87, 42, 72, 2, 122, 101, 11, 30, 160, 94, 74, 139, 140, 36, 50, 80, 20, 128, 58, 88, 24, 14, 126, 102, 52, 10, 4, 18, 95, 118, 144, 21, 34, 12, 96, 113, 22, 114, 158, 148, 153, 154, 0]
random-080-30139;14680;42.730;[0, 89, 151, 127, 103, 93, 157, 63, 15, 57, 145, 16, 9, 29, 81, 90, 39, 21, 35, 121, 19, 111, 141, 113, 105, 31, 115, 23, 3, 159, 123, 27, 116, 135, 83, 67, 59, 41, 51, 11, 125, 114, 25, 109, 4, 52, 32, 124, 131, 42, 60, 136, 47, 155, 87, 94, 77, 33, 45, 1, 158, 78, 46, 69, 82, 85, 40, 34, 70, 36, 117, 68, 22, 97, 129, 7, 160, 122, 132, 79, 73, 8, 153, 95, 17, 101, 80, 84, 137, 37, 48, 112, 5, 91, 12, 74, 49, 18, 139, 20, 99, 13, 30, 130, 75, 138, 2, 26, 71, 149, 61, 6, 107, 133, 100, 38, 140, 72, 119, 50, 120, 110, 118, 65, 147, 128, 88, 14, 104, 102, 86, 58, 146, 76, 150, 143, 142, 154, 55, 10, 28, 53, 144, 43, 24, 106, 56, 62, 148, 126, 156, 108, 64, 54, 66, 152, 96, 92, 98, 134, 44, 0]
random-080-31048;13265;42.975;[0, 131, 83, 91, 55, 111, 75, 31, 37, 93, 149, 35, 123, 19, 79, 147, 57, 56, 5, 1, 139, 137, 61, 85, 33, 71, 23, 67, 13, 132, 20, 9, 45, 155, 135, 62, 133, 151, 129, 103, 113, 156, 2, 114, 84, 17, 94, 125, 152, 140, 99, 109, 157, 25, 97, 124, 141, 10, 49, 21, 92, 153, 24, 63, 59, 47, 112, 148, 41, 134, 77, 87, 95, 58, 159, 14, 64, 117, 105, 46, 130, 26, 65, 73, 74, 36, 29, 39, 78, 38, 53, 106, 48, 68, 107, 118, 138, 18, 86, 121, 3, 100, 104, 51, 7, 158, 136, 88, 145, 142, 22, 60, 89, 154, 27, 6, 150, 90, 101, 81, 66, 126, 143, 28, 108, 50, 11, 43, 82, 69, 44, 127, 32, 34, 119, 12, 98, 144, 8, 146, 102, 122, 30, 160, 110, 96, 40, 80, 76, 70, 52, 4, 72, 115, 42, 128, 15, 120, 16, 54, 116, 0]
random-080-31956;13896;40.505;[0, 67, 121, 81, 131, 41, 103, 101, 113, 43, 105, 65, 9, 63, 125, 117, 109, 29, 68, 17, 19, 91, 87, 99, 92, 95, 79, 82, 7, 100, 31, 96, 11, 122, 80, 23, 153, 13, 69, 77, 10, 127, 30, 83, 59, 18, 97, 115, 159, 21, 119, 39, 1, 111, 84, 5, 116, 47, 147, 145, 44, 22, 33, 49, 3, 118, 135, 136, 51, 151, 32, 64, 128, 139, 25, 8, 123, 71, 57, 133, 12, 88, 137, 35, 27, 53, 155, 61, 129, 110, 75, 24, 140, 93, 42, 130, 73, 55, 112, 114, 120, 138, 72, 152, 45, 60, 74, 36, 6, 141, 85, 156, 46, 98, 76, 157, 134, 28, 89, 15, 143, 144, 132, 148, 48, 149, 37, 52, 14, 20, 126, 107, 106, 102, 56, 66, 160, 38, 78, 146, 142, 26, 70, 158, 154, 90, 104, 86, 108, 40, 50, 2, 150, 34, 54, 62, 4, 16, 124, 58, 94, 0]
random-100-00078;16107;43.878;[0, 5, 15, 9, 73, 7, 107, 91, 41, 11, 8, 157, 85, 59, 27, 77, 161, 37, 86, 87, 151, 61, 21, 109, 74, 127, 78, 95, 113, 137, 17, 33, 158, 163, 181, 43, 131, 195, 145, 57, 53, 18, 60, 83, 31, 69, 167, 149, 146, 177, 141, 164, 28, 34, 29, 44, 159, 10, 175, 111, 168, 79, 125, 126, 138, 187, 119, 22, 96, 110, 42, 153, 16, 65, 105, 199, 117, 97, 193, 120, 179, 185, 67, 197, 89, 186, 173, 75, 133, 99, 191, 114, 100, 25, 118, 108, 55, 81, 135, 129, 128, 189, 84, 130, 1, 103, 80, 171, 115, 19, 88, 47, 68, 139, 56, 190, 32, 101, 147, 93, 182, 63, 200, 176, 90, 198, 51, 54, 48, 39, 112, 160, 183, 49, 62, 66, 20, 6, 92, 40, 3, 116, 12, 194, 188, 140, 106, 172, 4, 2, 150, 23, 155, 156, 123, 104, 52, 102, 82, 124, 134, 152, 76, 132, 192, 24, 196, 45, 174, 154, 180, 121, 165, 58, 71, 72, 13, 148, 162, 169, 70, 136, 170, 178, 14, 50, 143, 64, 46, 142, 35, 166, 36, 94, 144, 122, 30, 38, 184, 98, 26, 0]
random-100-00562;16127;17.110;[0, 17, 177, 163, 117, 43, 89, 65, 21, 99, 9, 44, 105, 167, 139, 147, 49, 39, 153, 141, 93, 115, 189, 51, 52, 106, 10, 61, 50, 127, 19, 81, 111, 125, 168, 45, 5, 148, 83, 181, 159, 175, 145, 169, 157, 155, 193, 118, 123, 179, 107, 47, 37, 151, 31, 135, 15, 101, 41, 48, 161, 67, 103, 66, 68, 164, 104, 27, 73, 23, 29, 20, 187, 57, 1, 142, 162, 94, 133, 82, 95, 59, 60, 63, 97, 90, 22, 74, 16, 91, 126, 128, 71, 134, 178, 85, 113, 137, 86, 195, 53, 171, 75, 172, 140, 154, 87, 3, 100, 173, 160, 79, 4, 64, 92, 6, 124, 24, 182, 158, 185, 197, 143, 11, 40, 156, 76, 98, 55, 131, 32, 109, 84, 199, 25, 194, 80, 2, 119, 110, 33, 46, 42, 18, 200, 108, 121, 12, 180, 116, 196, 183, 144, 102, 176, 72, 38, 165, 190, 77, 146, 69, 26, 170, 88, 184, 188, 54, 166, 186, 62, 112, 114, 34, 58, 35, 132, 56, 191, 192, 136, 30, 129, 36, 96, 28, 152, 13, 70, 198, 14, 120, 149, 7, 138, 130, 150, 78, 174, 122, 8, 0]
random-100-04621;16076;33.925;[0, 197, 81, 61, 153, 91, 41, 19, 129, 3, 75, 130, 27, 177, 183, 21, 83, 113, 123, 199, 117, 103, 47, 57, 39, 51, 124, 97, 105, 179, 171, 11, 181, 65, 107, 135, 169, 5, 69, 149, 193, 20, 59, 67, 76, 121, 85, 68, 137, 1, 178, 155, 13, 156, 45, 101, 70, 136, 48, 127, 82, 55, 167, 125, 150, 119, 143, 46, 157, 185, 9, 87, 12, 194, 42, 6, 168, 191, 28, 62, 170, 99, 104, 53, 198, 88, 100, 151, 35, 172, 89, 25, 43, 73, 23, 122, 98, 49, 84, 108, 139, 175, 63, 52, 92, 66, 50, 71, 109, 189, 40, 128, 115, 195, 93, 24, 138, 180, 7, 106, 111, 10, 15, 144, 161, 182, 173, 36, 77, 14, 86, 131, 29, 145, 114, 30, 78, 17, 31, 110, 79, 16, 64, 147, 165, 32, 192, 90, 33, 146, 74, 116, 187, 56, 132, 163, 54, 152, 159, 120, 118, 186, 72, 188, 166, 34, 2, 60, 174, 200, 126, 22, 148, 95, 158, 162, 133, 134, 196, 160, 58, 184, 141, 37, 94, 142, 102, 80, 176, 140, 96, 4, 190, 112, 38, 8, 26, 154, 18, 164, 44, 0]
random-100-05105;15774;41.184;[0, 35, 109, 7, 113, 169, 171, 75, 139, 39, 173, 183, 61, 191, 41, 81, 174, 33, 23, 167, 103, 107, 47, 147, 27, 65, 71, 15, 101, 79, 73, 153, 66, 143, 189, 119, 28, 184, 29, 185, 53, 115, 80, 177, 163, 190, 192, 105, 72, 141, 87, 135, 1, 155, 88, 108, 175, 145, 168, 157, 164, 69, 154, 16, 104, 110, 197, 45, 89, 121, 13, 5, 187, 48, 120, 37, 123, 21, 95, 99, 149, 91, 117, 9, 59, 127, 165, 111, 193, 181, 125, 161, 90, 166, 8, 22, 85, 24, 51, 133, 148, 131, 159, 150, 126, 144, 54, 96, 186, 198, 52, 10, 92, 70, 19, 38, 62, 106, 3, 199, 17, 42, 158, 55, 25, 83, 49, 11, 160, 156, 56, 128, 162, 102, 43, 179, 67, 20, 129, 26, 82, 18, 146, 44, 176, 46, 12, 134, 112, 116, 114, 31, 140, 2, 182, 84, 172, 194, 188, 32, 50, 74, 118, 93, 30, 76, 137, 151, 6, 124, 100, 178, 97, 195, 86, 63, 34, 14, 57, 152, 200, 138, 132, 98, 60, 40, 196, 68, 77, 136, 58, 36, 64, 122, 142, 170, 78, 130, 180, 94, 4, 0]
random-100-05530;15764;33.773;[0, 51, 61, 73, 197, 133, 127, 5, 199, 57, 163, 71, 165, 147, 119, 1, 45, 65, 129, 41, 91, 33, 137, 179, 183, 187, 42, 19, 67, 47, 125, 17, 139, 167, 39, 21, 123, 159, 168, 191, 124, 35, 49, 195, 169, 11, 166, 95, 155, 93, 36, 66, 62, 115, 175, 15, 131, 97, 83, 87, 77, 23, 181, 130, 89, 193, 75, 34, 52, 113, 105, 180, 121, 111, 58, 25, 173, 50, 81, 176, 9, 114, 29, 143, 170, 6, 189, 2, 37, 26, 117, 103, 116, 85, 40, 126, 174, 90, 149, 55, 46, 63, 56, 94, 101, 164, 98, 171, 92, 31, 18, 7, 27, 200, 185, 186, 151, 152, 172, 128, 3, 32, 177, 16, 43, 138, 184, 182, 99, 141, 13, 59, 188, 153, 22, 144, 118, 76, 194, 4, 96, 14, 69, 24, 10, 157, 28, 100, 158, 112, 134, 8, 44, 86, 122, 145, 60, 135, 38, 79, 190, 104, 160, 53, 107, 74, 148, 109, 12, 106, 140, 20, 136, 120, 80, 178, 142, 70, 161, 198, 88, 84, 110, 154, 30, 132, 82, 102, 162, 108, 72, 192, 68, 78, 156, 48, 150, 54, 146, 196, 64, 0]
random-100-06013;16121;23.240;[0, 129, 171, 61, 177, 167, 111, 5, 9, 103, 163, 127, 51, 95, 65, 97, 193, 168, 175, 77, 191, 25, 194, 78, 83, 47, 71, 151, 159, 109, 119, 147, 197, 1, 15, 3, 183, 133, 59, 131, 39, 152, 75, 121, 195, 99, 122, 76, 143, 29, 105, 67, 113, 17, 128, 196, 165, 123, 31, 13, 117, 4, 35, 33, 11, 139, 189, 157, 48, 140, 37, 98, 192, 52, 124, 145, 114, 160, 69, 60, 104, 110, 135, 93, 185, 43, 72, 53, 87, 169, 134, 18, 70, 21, 62, 23, 84, 81, 10, 26, 27, 178, 12, 170, 184, 14, 176, 44, 88, 146, 120, 132, 41, 106, 161, 181, 45, 34, 141, 149, 112, 148, 142, 96, 150, 6, 137, 91, 85, 46, 179, 158, 32, 7, 73, 115, 55, 166, 162, 22, 24, 153, 86, 190, 187, 130, 89, 100, 49, 57, 42, 16, 125, 92, 138, 40, 101, 8, 66, 182, 79, 90, 38, 136, 154, 74, 102, 116, 58, 56, 118, 54, 36, 186, 80, 2, 144, 28, 19, 173, 155, 63, 68, 30, 199, 64, 172, 200, 156, 107, 126, 94, 108, 198, 188, 50, 164, 20, 82, 174, 180, 0]
random-100-06439;16636;44.610;[0, 91, 71, 195, 125, 133, 72, 126, 29, 167, 37, 33, 95, 191, 111, 96, 129, 79, 1, 181, 127, 137, 131, 105, 192, 173, 99, 27, 57, 196, 139, 92, 145, 25, 51, 89, 52, 197, 119, 134, 69, 165, 123, 117, 61, 185, 153, 101, 177, 58, 128, 118, 38, 106, 115, 107, 155, 55, 41, 112, 186, 146, 70, 156, 113, 169, 43, 175, 13, 17, 143, 59, 23, 199, 30, 170, 200, 140, 28, 171, 178, 42, 144, 154, 14, 77, 35, 80, 161, 5, 63, 124, 60, 24, 97, 138, 182, 121, 189, 116, 162, 75, 11, 15, 73, 36, 147, 179, 149, 18, 65, 53, 67, 85, 81, 157, 3, 120, 34, 187, 56, 163, 190, 7, 198, 68, 172, 183, 109, 82, 9, 39, 83, 49, 31, 159, 93, 103, 100, 19, 174, 135, 86, 90, 166, 21, 151, 193, 141, 160, 8, 47, 110, 114, 26, 6, 148, 22, 10, 168, 184, 76, 4, 180, 130, 16, 62, 84, 50, 20, 78, 74, 40, 152, 94, 102, 87, 122, 164, 108, 66, 158, 188, 45, 132, 104, 2, 88, 142, 150, 98, 48, 44, 12, 194, 64, 54, 176, 46, 32, 136, 0]
random-100-06922;16879;40.903;[0, 15, 113, 159, 97, 160, 7, 29, 35, 77, 9, 131, 87, 16, 99, 30, 93, 157, 139, 199, 125, 95, 8, 111, 103, 31, 37, 169, 45, 123, 177, 137, 167, 173, 115, 5, 165, 126, 168, 179, 195, 96, 55, 153, 145, 171, 109, 43, 121, 155, 166, 67, 13, 178, 6, 39, 14, 105, 38, 196, 180, 46, 110, 175, 172, 107, 138, 94, 122, 68, 161, 158, 41, 44, 112, 32, 154, 104, 140, 156, 106, 75, 40, 76, 83, 63, 151, 116, 163, 25, 114, 146, 174, 200, 81, 119, 64, 147, 117, 69, 152, 91, 127, 189, 135, 11, 92, 61, 176, 42, 12, 27, 89, 108, 47, 48, 62, 185, 1, 143, 57, 193, 51, 85, 21, 128, 79, 53, 58, 59, 183, 3, 191, 184, 33, 23, 141, 54, 82, 84, 101, 34, 102, 49, 50, 73, 149, 190, 187, 65, 192, 60, 142, 52, 88, 188, 120, 124, 133, 162, 80, 181, 148, 66, 150, 36, 24, 134, 10, 98, 71, 144, 4, 22, 129, 86, 26, 17, 72, 194, 2, 164, 19, 118, 197, 90, 132, 136, 186, 130, 70, 28, 170, 74, 18, 20, 198, 78, 182, 56, 100, 0]
random-100-11465;16125;39.910;[0, 35, 167, 67, 119, 23, 33, 129, 5, 55, 177, 56, 93, 51, 171, 52, 139, 47, 95, 89, 63, 25, 161, 45, 15, 123, 149, 145, 159, 41, 59, 7, 169, 175, 79, 197, 42, 21, 146, 193, 191, 3, 121, 135, 85, 155, 43, 65, 147, 94, 107, 31, 199, 26, 27, 136, 28, 91, 8, 176, 165, 22, 115, 141, 137, 192, 9, 32, 96, 69, 4, 61, 37, 125, 103, 48, 68, 39, 109, 101, 102, 116, 117, 105, 83, 53, 54, 122, 120, 133, 97, 179, 34, 73, 99, 168, 180, 163, 70, 77, 74, 46, 36, 66, 92, 134, 87, 86, 111, 157, 75, 113, 140, 131, 6, 143, 44, 189, 183, 170, 13, 130, 71, 156, 194, 162, 29, 114, 142, 181, 11, 185, 64, 17, 1, 78, 16, 150, 153, 195, 160, 158, 81, 173, 49, 108, 80, 110, 187, 57, 24, 196, 19, 100, 72, 190, 12, 2, 104, 188, 50, 14, 178, 10, 186, 138, 118, 172, 76, 198, 84, 62, 154, 18, 200, 82, 182, 60, 164, 90, 127, 112, 132, 38, 20, 40, 126, 151, 184, 98, 148, 166, 174, 128, 152, 58, 124, 144, 30, 106, 88, 0]
random-100-12374;16709;36.035;[0, 87, 101, 149, 61, 31, 81, 181, 182, 191, 45, 55, 151, 33, 145, 115, 107, 193, 157, 69, 13, 117, 73, 183, 167, 197, 111, 123, 32, 39, 75, 155, 47, 89, 135, 169, 67, 29, 68, 5, 41, 185, 113, 15, 95, 17, 59, 53, 195, 11, 173, 116, 139, 129, 199, 161, 3, 42, 171, 121, 96, 118, 74, 147, 85, 60, 177, 65, 186, 70, 162, 66, 49, 168, 174, 148, 16, 48, 130, 102, 124, 184, 108, 127, 114, 30, 79, 198, 179, 137, 12, 19, 27, 28, 131, 40, 20, 93, 35, 7, 36, 14, 9, 91, 1, 175, 122, 189, 133, 57, 165, 58, 4, 99, 88, 51, 105, 23, 100, 6, 192, 18, 25, 187, 106, 80, 146, 163, 143, 34, 63, 77, 43, 109, 97, 24, 94, 76, 172, 136, 112, 125, 82, 46, 176, 190, 158, 141, 194, 132, 166, 71, 144, 83, 84, 156, 126, 10, 119, 159, 54, 153, 196, 152, 134, 37, 180, 103, 44, 78, 52, 8, 62, 90, 21, 98, 92, 154, 110, 150, 140, 200, 188, 2, 120, 170, 138, 128, 26, 50, 22, 38, 86, 104, 178, 142, 160, 56, 72, 64, 164, 0]
random-100-13282;15020;41.407;[0, 37, 109, 63, 185, 127, 119, 27, 129, 145, 163, 33, 7, 69, 167, 91, 120, 11, 55, 29, 17, 12, 111, 43, 19, 47, 81, 169, 71, 195, 131, 67, 9, 159, 39, 31, 132, 59, 65, 133, 41, 105, 147, 56, 15, 130, 53, 115, 5, 13, 161, 73, 164, 177, 34, 171, 134, 193, 179, 8, 97, 162, 191, 180, 116, 148, 95, 51, 92, 107, 189, 106, 57, 192, 151, 42, 21, 44, 190, 23, 199, 141, 89, 72, 10, 61, 96, 108, 38, 194, 117, 128, 32, 157, 146, 187, 197, 99, 14, 113, 143, 168, 77, 60, 49, 28, 30, 75, 70, 85, 18, 93, 16, 68, 98, 173, 183, 160, 135, 149, 1, 158, 94, 200, 3, 178, 66, 45, 62, 48, 175, 101, 35, 155, 102, 123, 90, 103, 83, 79, 125, 139, 87, 40, 25, 150, 172, 196, 121, 110, 2, 22, 84, 100, 54, 86, 6, 50, 4, 122, 137, 188, 198, 144, 153, 58, 74, 78, 118, 26, 124, 181, 82, 114, 184, 140, 88, 186, 136, 80, 174, 64, 46, 104, 36, 182, 142, 152, 156, 76, 138, 24, 52, 170, 154, 20, 126, 165, 166, 112, 176, 0]
random-100-17825;16556;39.961;[0, 181, 15, 29, 121, 169, 89, 135, 61, 91, 115, 23, 35, 73, 159, 43, 187, 182, 155, 62, 189, 36, 7, 117, 31, 93, 81, 3, 41, 139, 157, 21, 153, 47, 118, 9, 32, 48, 167, 127, 97, 197, 45, 140, 147, 11, 173, 154, 87, 4, 13, 69, 16, 131, 161, 123, 39, 183, 122, 185, 95, 109, 116, 141, 83, 24, 37, 74, 79, 59, 10, 191, 132, 158, 192, 60, 14, 110, 184, 190, 107, 67, 149, 98, 99, 111, 77, 195, 175, 113, 193, 65, 71, 105, 57, 163, 80, 186, 44, 75, 94, 55, 70, 168, 194, 176, 171, 96, 12, 30, 90, 66, 170, 125, 188, 1, 164, 33, 165, 136, 129, 22, 145, 42, 63, 82, 68, 64, 196, 156, 72, 19, 25, 112, 17, 85, 151, 76, 199, 174, 20, 53, 5, 92, 49, 200, 162, 179, 56, 51, 146, 18, 119, 34, 8, 58, 166, 180, 143, 150, 128, 86, 130, 126, 198, 26, 6, 160, 144, 103, 27, 2, 172, 142, 52, 104, 84, 124, 108, 177, 133, 54, 134, 50, 137, 46, 88, 152, 40, 106, 114, 178, 138, 100, 38, 120, 78, 148, 101, 28, 102, 0]
random-100-18309;17234;39.716;[0, 71, 121, 41, 55, 47, 195, 19, 45, 97, 21, 23, 1, 9, 33, 105, 165, 199, 109, 37, 98, 53, 20, 17, 111, 147, 11, 107, 125, 193, 157, 131, 191, 43, 77, 24, 173, 141, 177, 137, 103, 153, 93, 161, 29, 38, 108, 187, 63, 194, 145, 163, 192, 89, 196, 81, 164, 197, 75, 189, 115, 13, 127, 79, 106, 183, 27, 146, 39, 51, 132, 117, 52, 128, 188, 48, 133, 85, 158, 126, 198, 134, 28, 169, 142, 73, 35, 90, 122, 155, 143, 116, 40, 12, 5, 22, 42, 87, 167, 166, 119, 99, 149, 129, 31, 135, 113, 136, 114, 57, 184, 15, 95, 25, 14, 190, 54, 46, 123, 32, 88, 120, 96, 118, 18, 65, 162, 130, 61, 7, 150, 91, 83, 76, 110, 56, 148, 3, 64, 10, 170, 100, 4, 84, 156, 101, 102, 16, 124, 8, 179, 6, 92, 178, 67, 159, 82, 72, 69, 171, 49, 175, 200, 66, 151, 180, 152, 62, 78, 112, 154, 36, 86, 68, 30, 104, 172, 50, 174, 26, 139, 80, 138, 185, 44, 59, 74, 181, 186, 168, 160, 2, 34, 58, 94, 144, 70, 60, 182, 176, 140, 0]
random-100-18734;15883;43.335;[0, 183, 153, 71, 187, 179, 169, 57, 151, 113, 163, 119, 197, 3, 185, 21, 129, 89, 45, 49, 117, 137, 87, 51, 95, 85, 155, 165, 83, 121, 47, 105, 177, 29, 65, 75, 107, 41, 159, 199, 93, 193, 194, 181, 106, 30, 167, 5, 178, 161, 175, 101, 147, 182, 35, 120, 81, 149, 191, 90, 115, 36, 116, 123, 173, 73, 74, 164, 53, 131, 127, 55, 189, 52, 145, 27, 79, 7, 122, 76, 88, 15, 84, 43, 118, 138, 59, 162, 48, 63, 31, 154, 72, 91, 86, 124, 156, 180, 188, 50, 108, 23, 19, 69, 168, 152, 54, 170, 46, 39, 132, 139, 13, 174, 67, 56, 140, 109, 195, 25, 4, 64, 44, 14, 58, 146, 143, 96, 200, 37, 198, 82, 125, 17, 38, 18, 130, 60, 77, 111, 141, 33, 94, 97, 34, 112, 32, 8, 78, 186, 6, 135, 171, 157, 158, 103, 133, 11, 166, 150, 190, 42, 160, 184, 40, 1, 12, 61, 126, 22, 20, 136, 2, 144, 192, 142, 70, 9, 134, 66, 114, 26, 110, 128, 62, 99, 100, 24, 196, 68, 176, 28, 104, 148, 98, 102, 172, 80, 92, 10, 16, 0]
random-100-19217;16775;40.108;[0, 113, 177, 185, 165, 193, 125, 149, 186, 163, 75, 89, 3, 151, 159, 139, 197, 137, 45, 157, 9, 101, 43, 141, 127, 7, 181, 111, 4, 1, 17, 85, 13, 86, 71, 147, 178, 91, 135, 109, 173, 72, 67, 112, 136, 153, 55, 175, 158, 145, 99, 79, 97, 187, 44, 68, 25, 51, 59, 98, 52, 171, 2, 198, 69, 95, 119, 169, 14, 10, 161, 81, 60, 152, 117, 27, 191, 189, 126, 15, 83, 133, 39, 63, 77, 183, 65, 53, 35, 155, 179, 115, 140, 47, 49, 5, 92, 102, 57, 103, 148, 28, 134, 190, 118, 66, 146, 70, 110, 6, 116, 26, 143, 21, 156, 180, 84, 96, 195, 82, 107, 121, 41, 46, 104, 105, 123, 16, 120, 196, 160, 129, 23, 194, 199, 78, 87, 73, 131, 142, 54, 166, 61, 48, 40, 114, 93, 167, 176, 74, 168, 31, 200, 33, 164, 188, 24, 154, 90, 128, 108, 170, 19, 88, 192, 37, 184, 100, 182, 144, 32, 29, 76, 38, 94, 132, 34, 11, 56, 80, 172, 138, 42, 130, 106, 18, 64, 20, 62, 150, 36, 122, 12, 30, 174, 50, 58, 162, 8, 22, 124, 0]
random-100-19642;15643;36.102;[0, 163, 111, 25, 69, 73, 139, 23, 133, 5, 53, 13, 83, 135, 134, 127, 167, 3, 123, 119, 81, 101, 99, 95, 102, 117, 19, 61, 159, 120, 193, 137, 161, 113, 107, 62, 87, 100, 103, 147, 189, 6, 74, 39, 160, 31, 173, 63, 97, 9, 199, 71, 109, 185, 175, 21, 41, 17, 164, 37, 33, 79, 183, 129, 7, 82, 177, 15, 187, 84, 89, 131, 51, 59, 70, 153, 181, 38, 75, 191, 124, 27, 155, 138, 121, 174, 194, 188, 151, 118, 18, 88, 45, 179, 42, 49, 180, 52, 156, 57, 162, 40, 26, 10, 184, 115, 195, 47, 182, 67, 96, 93, 58, 1, 190, 98, 80, 72, 29, 116, 168, 165, 60, 22, 105, 91, 35, 154, 76, 157, 94, 77, 125, 143, 128, 186, 126, 192, 178, 169, 176, 85, 145, 68, 14, 20, 8, 64, 34, 65, 16, 146, 141, 196, 55, 66, 11, 166, 112, 148, 132, 122, 149, 170, 114, 30, 92, 4, 43, 142, 130, 197, 152, 171, 110, 106, 54, 12, 24, 28, 56, 108, 136, 46, 78, 48, 86, 36, 198, 172, 32, 200, 140, 50, 104, 150, 44, 90, 2, 158, 144, 0]
random-100-20007;17276;36.724;[0, 41, 71, 99, 21, 159, 23, 125, 119, 127, 191, 19, 199, 183, 173, 37, 7, 29, 83, 115, 163, 131, 35, 67, 103, 65, 171, 113, 160, 200, 42, 79, 100, 39, 59, 143, 36, 80, 24, 97, 60, 61, 53, 151, 133, 20, 51, 132, 126, 27, 161, 187, 17, 181, 169, 75, 129, 62, 139, 85, 144, 157, 153, 134, 130, 158, 140, 9, 31, 63, 107, 120, 86, 123, 13, 105, 179, 57, 25, 1, 149, 45, 121, 135, 69, 193, 111, 167, 87, 26, 106, 184, 185, 43, 104, 81, 124, 76, 77, 145, 2, 175, 49, 137, 93, 55, 147, 109, 78, 154, 82, 56, 176, 94, 182, 136, 58, 50, 194, 108, 168, 138, 22, 14, 70, 162, 91, 186, 188, 110, 164, 18, 117, 118, 11, 15, 101, 146, 148, 165, 66, 73, 12, 141, 89, 116, 28, 90, 84, 122, 46, 155, 64, 180, 174, 16, 33, 92, 150, 142, 52, 38, 30, 72, 177, 3, 74, 172, 178, 152, 112, 68, 95, 197, 10, 4, 98, 189, 88, 44, 128, 195, 5, 198, 6, 196, 8, 96, 166, 102, 40, 156, 190, 54, 114, 47, 170, 32, 34, 192, 48, 0]
random-100-20126;15826;36.657;[0, 67, 91, 11, 47, 19, 133, 81, 5, 93, 31, 145, 99, 199, 134, 183, 107, 165, 167, 163, 121, 187, 21, 55, 173, 63, 101, 32, 27, 68, 161, 125, 109, 147, 102, 28, 193, 184, 95, 137, 131, 132, 159, 17, 57, 148, 33, 157, 149, 185, 94, 164, 168, 160, 53, 103, 54, 186, 6, 166, 146, 23, 189, 153, 123, 96, 200, 104, 150, 191, 195, 139, 194, 113, 69, 85, 177, 58, 82, 138, 48, 43, 89, 39, 12, 20, 77, 18, 92, 155, 61, 140, 35, 25, 44, 188, 174, 196, 87, 197, 151, 15, 127, 111, 169, 129, 162, 171, 59, 88, 128, 13, 115, 179, 3, 45, 97, 117, 124, 143, 152, 100, 108, 71, 75, 79, 118, 73, 175, 41, 62, 24, 83, 78, 36, 119, 178, 7, 9, 37, 192, 49, 50, 29, 60, 154, 120, 51, 64, 74, 141, 46, 76, 114, 86, 105, 1, 22, 90, 65, 144, 72, 176, 80, 156, 122, 126, 26, 158, 198, 2, 38, 42, 181, 130, 84, 16, 10, 14, 190, 34, 70, 30, 56, 182, 4, 52, 135, 40, 110, 106, 172, 142, 8, 98, 170, 180, 66, 136, 112, 116, 0]
random-100-24669;16547;32.312;[0, 81, 145, 181, 95, 25, 43, 99, 109, 35, 73, 163, 85, 177, 127, 191, 17, 21, 119, 96, 55, 167, 185, 15, 178, 168, 117, 49, 71, 56, 164, 159, 67, 36, 50, 23, 27, 61, 37, 1, 44, 51, 149, 47, 57, 18, 26, 19, 89, 63, 90, 75, 107, 155, 48, 28, 59, 165, 7, 121, 11, 24, 157, 69, 199, 187, 195, 111, 83, 79, 147, 39, 77, 113, 41, 38, 182, 173, 2, 114, 143, 129, 29, 70, 31, 84, 86, 137, 87, 13, 166, 141, 100, 68, 32, 74, 144, 103, 110, 104, 120, 193, 5, 128, 76, 150, 122, 22, 16, 156, 175, 112, 53, 62, 101, 54, 135, 192, 200, 102, 148, 80, 188, 20, 196, 14, 91, 78, 125, 194, 136, 123, 3, 4, 97, 126, 52, 33, 183, 8, 133, 93, 184, 153, 9, 171, 154, 161, 151, 72, 94, 197, 12, 65, 105, 40, 174, 108, 186, 98, 139, 179, 92, 115, 6, 116, 138, 124, 142, 66, 45, 158, 46, 131, 172, 176, 198, 152, 134, 58, 189, 118, 88, 106, 160, 60, 180, 64, 132, 34, 30, 82, 42, 190, 140, 169, 146, 10, 162, 170, 130, 0]
random-100-25577;17063;34.574;[0, 137, 125, 153, 61, 29, 199, 113, 117, 191, 145, 147, 193, 75, 107, 105, 111, 15, 87, 91, 27, 43, 187, 109, 159, 16, 175, 123, 11, 146, 67, 131, 132, 51, 35, 114, 179, 89, 93, 1, 2, 138, 28, 165, 197, 57, 9, 30, 31, 58, 39, 189, 108, 3, 10, 188, 13, 200, 14, 36, 62, 7, 166, 40, 198, 176, 160, 97, 148, 103, 65, 163, 149, 73, 63, 183, 155, 171, 124, 157, 76, 141, 184, 49, 4, 106, 169, 19, 74, 192, 154, 139, 112, 90, 181, 158, 172, 59, 83, 77, 143, 41, 85, 47, 129, 99, 150, 33, 45, 81, 151, 190, 135, 127, 88, 37, 167, 23, 110, 5, 126, 48, 8, 115, 119, 71, 152, 177, 182, 98, 133, 6, 25, 161, 20, 144, 173, 69, 121, 12, 34, 78, 162, 116, 178, 128, 174, 86, 134, 72, 122, 92, 168, 26, 50, 38, 120, 136, 100, 46, 32, 42, 79, 164, 101, 21, 55, 53, 60, 82, 140, 17, 22, 68, 18, 142, 66, 180, 194, 56, 95, 24, 96, 118, 170, 185, 94, 44, 52, 84, 64, 130, 104, 102, 186, 156, 70, 54, 195, 80, 196, 0]
random-100-26486;16289;34.718;[0, 99, 173, 65, 77, 67, 189, 187, 155, 63, 87, 149, 93, 103, 49, 85, 193, 161, 11, 9, 183, 167, 109, 66, 107, 7, 35, 25, 97, 36, 61, 147, 31, 191, 33, 105, 163, 27, 139, 81, 19, 156, 140, 26, 82, 20, 39, 192, 91, 83, 3, 181, 199, 127, 150, 131, 43, 75, 86, 117, 185, 79, 119, 121, 120, 51, 23, 47, 118, 15, 71, 50, 129, 186, 44, 64, 177, 57, 53, 12, 111, 59, 132, 92, 24, 52, 128, 151, 48, 41, 94, 100, 78, 200, 165, 122, 17, 182, 194, 153, 95, 159, 123, 1, 178, 106, 154, 13, 54, 5, 80, 171, 29, 195, 62, 160, 18, 174, 14, 196, 68, 45, 135, 8, 72, 197, 34, 40, 55, 169, 188, 89, 73, 113, 162, 175, 69, 74, 143, 30, 141, 133, 88, 157, 60, 179, 108, 98, 104, 145, 172, 28, 190, 176, 170, 166, 168, 184, 148, 124, 96, 16, 56, 58, 70, 115, 136, 130, 4, 110, 76, 112, 42, 116, 114, 144, 134, 10, 46, 164, 32, 37, 21, 198, 101, 84, 158, 180, 22, 125, 6, 90, 2, 102, 137, 126, 146, 142, 38, 152, 138, 0]
random-100-31029;15717;42.008;[0, 97, 85, 5, 59, 195, 155, 13, 131, 73, 193, 185, 163, 167, 9, 81, 27, 69, 113, 99, 171, 194, 82, 139, 183, 107, 33, 10, 63, 141, 117, 11, 199, 159, 95, 15, 127, 51, 39, 61, 25, 64, 143, 200, 172, 132, 87, 187, 65, 28, 19, 52, 67, 151, 16, 147, 189, 186, 98, 89, 121, 149, 105, 175, 37, 53, 62, 111, 148, 90, 103, 79, 60, 181, 129, 77, 108, 96, 164, 55, 66, 125, 179, 100, 161, 160, 35, 168, 140, 45, 133, 46, 144, 43, 109, 1, 112, 29, 115, 93, 49, 17, 41, 50, 135, 70, 2, 153, 71, 42, 30, 75, 165, 31, 188, 3, 88, 12, 119, 6, 154, 145, 21, 78, 86, 68, 196, 128, 74, 54, 104, 76, 126, 22, 120, 94, 166, 169, 34, 180, 173, 152, 177, 57, 156, 157, 122, 123, 40, 80, 136, 137, 124, 72, 197, 20, 182, 170, 7, 176, 162, 110, 198, 118, 14, 130, 18, 174, 116, 23, 38, 106, 56, 44, 150, 91, 83, 32, 146, 36, 114, 158, 190, 184, 134, 26, 178, 142, 84, 47, 191, 24, 48, 92, 192, 138, 8, 4, 58, 101, 102, 0]
random-100-31512;18071;42.995;[0, 63, 7, 33, 97, 105, 8, 51, 11, 175, 5, 137, 181, 169, 21, 53, 52, 139, 1, 43, 31, 39, 106, 145, 55, 191, 40, 15, 111, 123, 41, 157, 197, 95, 159, 141, 163, 127, 3, 165, 23, 183, 83, 103, 195, 91, 167, 189, 107, 101, 147, 124, 16, 187, 188, 32, 119, 87, 75, 113, 184, 109, 65, 89, 143, 84, 49, 168, 12, 27, 88, 17, 110, 59, 131, 77, 185, 135, 182, 35, 148, 198, 104, 190, 196, 71, 179, 132, 60, 144, 37, 50, 90, 24, 92, 155, 180, 72, 34, 199, 66, 128, 73, 44, 42, 136, 45, 171, 25, 140, 129, 130, 74, 112, 18, 146, 47, 46, 102, 172, 142, 200, 115, 117, 164, 56, 170, 13, 61, 108, 158, 116, 85, 4, 54, 193, 62, 48, 96, 14, 138, 118, 161, 166, 6, 173, 22, 78, 19, 9, 64, 29, 162, 79, 67, 151, 26, 160, 152, 86, 194, 38, 156, 69, 114, 30, 68, 120, 70, 10, 174, 81, 36, 82, 76, 57, 121, 192, 58, 176, 2, 177, 20, 28, 80, 186, 99, 153, 133, 149, 125, 93, 122, 154, 94, 150, 98, 126, 100, 134, 178, 0]
random-100-31938;16511;31.781;[0, 169, 25, 33, 19, 199, 170, 121, 195, 20, 87, 63, 179, 135, 37, 9, 43, 196, 65, 193, 41, 88, 42, 145, 103, 165, 39, 40, 104, 146, 127, 5, 31, 125, 73, 200, 115, 136, 116, 7, 27, 107, 21, 159, 101, 171, 161, 55, 113, 95, 175, 99, 13, 47, 8, 71, 157, 35, 197, 61, 6, 51, 117, 49, 177, 102, 143, 85, 52, 34, 129, 160, 79, 109, 111, 123, 131, 173, 133, 163, 67, 187, 105, 185, 194, 180, 77, 23, 174, 183, 68, 112, 134, 158, 141, 181, 166, 3, 44, 56, 53, 137, 149, 167, 188, 83, 69, 81, 150, 29, 189, 186, 57, 70, 198, 4, 91, 118, 100, 151, 64, 80, 82, 138, 17, 89, 1, 58, 147, 28, 168, 164, 2, 182, 190, 110, 11, 172, 12, 59, 50, 119, 48, 78, 139, 18, 14, 62, 126, 45, 97, 122, 128, 54, 120, 38, 184, 26, 36, 176, 132, 92, 114, 98, 22, 142, 191, 32, 148, 162, 106, 10, 75, 153, 84, 60, 144, 108, 96, 86, 30, 192, 124, 24, 154, 152, 46, 74, 15, 16, 66, 93, 140, 76, 72, 155, 178, 94, 130, 90, 156, 0]
random-100-32421;15782;40.150;[0, 173, 115, 69, 97, 11, 1, 87, 113, 45, 77, 61, 5, 171, 25, 133, 183, 15, 91, 3, 181, 31, 83, 47, 182, 48, 143, 35, 70, 185, 141, 111, 84, 37, 23, 71, 55, 187, 114, 139, 24, 9, 13, 92, 63, 85, 7, 36, 33, 26, 155, 117, 49, 57, 174, 167, 89, 159, 153, 195, 161, 101, 51, 119, 116, 184, 81, 95, 142, 131, 123, 186, 59, 196, 96, 197, 6, 41, 121, 177, 62, 19, 175, 157, 165, 32, 176, 179, 16, 78, 4, 43, 72, 188, 193, 27, 107, 169, 124, 10, 145, 163, 199, 144, 132, 29, 79, 166, 189, 53, 149, 17, 180, 21, 86, 90, 178, 127, 75, 129, 200, 128, 52, 137, 39, 134, 38, 65, 151, 105, 138, 194, 56, 46, 80, 154, 28, 140, 98, 30, 102, 152, 160, 50, 150, 73, 103, 109, 60, 110, 147, 66, 40, 2, 120, 172, 198, 8, 146, 190, 118, 82, 125, 76, 22, 170, 74, 34, 130, 156, 64, 54, 126, 20, 67, 104, 158, 44, 68, 18, 168, 162, 99, 191, 100, 93, 192, 135, 136, 94, 148, 58, 42, 112, 106, 14, 12, 164, 122, 88, 108, 0]
