Timeout:60;Jobs:16
Instance;Cost;Time;Solution
A001;41881;0.191;[8, 11, 14, 7, 6, 16, 18, 5, 15, 20, 19, 9, 2, 12, 17, 10, 1, 4, 3, 13]
A002;71909;0.264;[14, 20, 22, 10, 21, 9, 19, 24, 12, 18, 11, 23, 13, 1, 15, 3, 16, 2, 7, 17, 5, 4, 8, 6]
A003;72437;0.345;[3, 4, 5, 11, 18, 24, 12, 13, 1, 21, 9, 14, 2, 22, 10, 19, 7, 20, 8, 15, 16, 17, 23, 6]
A004;88;0.070;[4, 1, 3, 2]
A005;0;0.071;[3, 1, 4, 2]
A006;277;0.080;[6, 5, 2, 4, 1, 3]
A007;264;0.081;[2, 4, 1, 5, 3, 6]
A008;0;0.077;[1, 3, 2, 4, 6, 5]
A009;624;0.091;[7, 1, 5, 4, 8, 2, 6, 3]
A010;3831;0.106;[7, 11, 12, 6, 9, 3, 2, 8, 1, 5, 10, 4]
A011;13281;0.162;[10, 5, 13, 7, 15, 16, 9, 3, 11, 14, 6, 1, 12, 4, 8, 2]
A025;9;0.201;[7, 17, 8, 18, 9, 19, 16, 6, 5, 15, 14, 4, 3, 13, 2, 12, 1, 11, 10, 20]
A026;6;0.118;[5, 11, 12, 6, 4, 10, 9, 3, 2, 8, 1, 7]
A027;3;0.130;[3, 9, 4, 10, 5, 11, 2, 8, 7, 1, 6, 12]
A028;389338;1.913;[28, 8, 29, 9, 30, 10, 7, 27, 11, 31, 13, 33, 26, 6, 38, 5, 25, 39, 35, 24, 4, 3, 23, 22, 2, 20, 40, 19, 18, 17, 36, 16, 15, 37, 21, 32, 34, 14, 12, 1]
A029;590012;1.411;[28, 8, 38, 37, 29, 9, 30, 10, 11, 12, 13, 14, 27, 7, 26, 6, 40, 25, 15, 35, 36, 16, 23, 3, 4, 24, 20, 33, 34, 2, 22, 1, 21, 18, 17, 5, 39, 31, 32, 19]
A030;2253;0.103;[6, 1, 10, 9, 7, 2, 8, 3, 5, 4]
A031;24104;0.299;[3, 12, 18, 17, 4, 13, 14, 5, 6, 8, 9, 7, 1, 10, 2, 11, 15, 16]
A032;329390;1.206;[40, 39, 38, 37, 36, 33, 13, 34, 14, 35, 15, 26, 6, 25, 5, 12, 32, 31, 11, 30, 10, 4, 24, 23, 3, 9, 29, 8, 28, 27, 7, 22, 2, 1, 21, 20, 19, 18, 17, 16]
A033;5153238;28.564;[35, 75, 34, 74, 73, 33, 72, 32, 71, 31, 53, 13, 51, 11, 30, 10, 50, 49, 9, 29, 28, 8, 48, 26, 25, 24, 64, 23, 63, 70, 22, 62, 61, 21, 69, 68, 60, 20, 66, 42, 65, 80, 79, 47, 7, 78, 6, 46, 77, 45, 5, 4, 44, 43, 3, 2, 40, 39, 19, 59, 38, 18, 58, 37, 17, 57, 15, 55, 14, 54, 76, 36, 27, 67, 16, 56, 52, 12, 1, 41]
A034;4877477;18.506;[17, 55, 18, 56, 19, 57, 20, 21, 22, 24, 71, 72, 74, 70, 63, 25, 64, 26, 65, 27, 6, 44, 7, 45, 58, 46, 8, 59, 60, 75, 76, 36, 62, 43, 5, 4, 42, 3, 41, 2, 40, 34, 16, 54, 33, 15, 53, 32, 14, 52, 13, 51, 12, 50, 31, 69, 30, 68, 23, 61, 11, 37, 73, 35, 38, 1, 39, 28, 66, 29, 67, 9, 47, 49, 48, 10]
A035;6220447;17.904;[56, 17, 57, 18, 58, 19, 20, 21, 22, 24, 72, 73, 76, 71, 64, 25, 65, 26, 6, 45, 66, 27, 46, 7, 8, 47, 59, 77, 78, 60, 61, 37, 63, 44, 5, 4, 43, 3, 42, 2, 41, 34, 16, 55, 33, 15, 54, 32, 14, 53, 13, 52, 12, 51, 31, 70, 30, 69, 23, 62, 11, 38, 39, 74, 75, 35, 36, 1, 40, 28, 67, 29, 68, 9, 48, 50, 10, 49]
A036;7221865;22.746;[17, 57, 18, 58, 59, 19, 20, 21, 22, 24, 73, 74, 78, 72, 25, 65, 26, 66, 27, 67, 6, 46, 47, 7, 8, 48, 60, 79, 61, 80, 38, 62, 64, 5, 45, 4, 44, 3, 43, 2, 42, 34, 16, 56, 33, 15, 55, 32, 14, 54, 13, 53, 12, 52, 31, 71, 30, 70, 23, 63, 11, 39, 40, 75, 76, 35, 77, 36, 37, 1, 41, 28, 68, 29, 69, 9, 49, 51, 10, 50]
A037;13434162;45.890;[60, 17, 61, 18, 19, 62, 20, 34, 77, 21, 22, 2, 24, 84, 85, 86, 16, 15, 76, 33, 75, 32, 68, 25, 69, 26, 70, 27, 41, 49, 50, 63, 51, 64, 65, 67, 45, 3, 46, 14, 57, 56, 13, 12, 55, 47, 4, 42, 43, 48, 5, 58, 59, 78, 44, 54, 6, 81, 82, 7, 79, 83, 35, 80, 38, 8, 31, 74, 73, 30, 36, 66, 23, 39, 37, 28, 71, 72, 29, 40, 52, 9, 11, 1, 10, 53]
A039;49380;0.262;[17, 15, 13, 11, 1, 2, 3, 4, 5, 6, 7, 18, 8, 16, 14, 12, 19, 9, 20, 10]
A040;524084;1.544;[6, 26, 25, 5, 7, 15, 8, 29, 9, 16, 36, 17, 37, 32, 38, 18, 23, 24, 1, 30, 10, 11, 31, 21, 22, 2, 27, 28, 35, 12, 3, 4, 39, 40, 20, 19, 13, 33, 14, 34]
A041;1524056;3.723;[8, 33, 7, 32, 14, 9, 20, 10, 36, 11, 21, 46, 22, 47, 23, 48, 49, 50, 25, 24, 42, 41, 29, 30, 1, 12, 37, 38, 13, 26, 40, 2, 27, 28, 3, 34, 39, 35, 45, 15, 16, 4, 5, 17, 6, 43, 18, 19, 44, 31]
A042;9296940;28.451;[1, 39, 12, 50, 49, 11, 13, 51, 23, 14, 15, 76, 30, 31, 16, 32, 17, 55, 33, 18, 56, 57, 19, 75, 74, 34, 72, 71, 70, 63, 64, 44, 65, 36, 45, 46, 37, 2, 38, 20, 58, 59, 21, 40, 60, 3, 41, 62, 52, 4, 42, 22, 53, 61, 43, 5, 54, 68, 69, 24, 6, 25, 73, 35, 7, 26, 8, 27, 9, 66, 28, 67, 29, 47, 10, 48]
A043;10522681;28.890;[1, 40, 51, 12, 50, 11, 13, 52, 78, 23, 14, 15, 30, 31, 16, 32, 56, 17, 33, 18, 57, 58, 19, 77, 76, 34, 73, 72, 71, 64, 65, 45, 66, 46, 37, 38, 47, 39, 2, 20, 59, 60, 21, 41, 61, 3, 42, 53, 63, 4, 43, 22, 54, 62, 44, 5, 55, 69, 70, 24, 6, 25, 74, 7, 75, 36, 26, 35, 8, 68, 27, 9, 48, 28, 67, 10, 49, 29]
A044;11863458;18.590;[12, 52, 1, 41, 11, 51, 13, 53, 80, 14, 23, 30, 15, 31, 16, 32, 17, 57, 33, 18, 58, 59, 19, 79, 78, 74, 34, 73, 72, 65, 66, 46, 67, 47, 38, 39, 2, 20, 60, 48, 40, 61, 21, 62, 42, 43, 3, 4, 22, 64, 24, 44, 5, 45, 75, 76, 6, 77, 37, 36, 35, 56, 55, 54, 63, 70, 25, 71, 7, 26, 8, 27, 9, 68, 28, 29, 69, 49, 50, 10]
A045;7913745;9.283;[33, 69, 34, 35, 25, 37, 1, 8, 44, 68, 32, 26, 50, 52, 31, 20, 21, 39, 23, 59, 24, 22, 58, 45, 9, 46, 10, 27, 28, 43, 29, 65, 67, 30, 36, 70, 53, 64, 71, 62, 11, 48, 12, 55, 66, 60, 61, 56, 47, 38, 13, 49, 14, 15, 51, 16, 2, 72, 57, 3, 42, 17, 40, 4, 18, 54, 5, 41, 19, 63, 6, 7]
A046;13413296;21.855;[33, 34, 72, 32, 52, 66, 48, 51, 11, 41, 1, 12, 20, 27, 13, 28, 14, 29, 55, 15, 30, 56, 16, 78, 80, 79, 71, 31, 70, 69, 62, 63, 38, 45, 39, 40, 46, 17, 57, 2, 47, 18, 58, 59, 19, 42, 61, 3, 43, 44, 4, 21, 5, 22, 6, 7, 75, 76, 77, 74, 23, 8, 73, 36, 37, 9, 49, 24, 50, 10, 25, 65, 26, 35, 54, 53, 60, 67, 68, 64]
A047;185542881;56.726;[95, 144, 97, 106, 146, 112, 113, 114, 145, 115, 56, 130, 147, 120, 148, 55, 122, 54, 128, 127, 53, 125, 126, 52, 121, 119, 51, 58, 59, 76, 57, 62, 63, 124, 50, 90, 109, 83, 14, 88, 1, 75, 86, 12, 134, 60, 92, 41, 89, 15, 42, 43, 44, 45, 16, 17, 61, 46, 47, 48, 87, 49, 103, 27, 104, 18, 105, 72, 81, 96, 73, 36, 19, 37, 20, 38, 82, 70, 21, 39, 22, 40, 23, 2, 80, 98, 24, 74, 25, 99, 142, 3, 4, 100, 26, 5, 143, 102, 28, 6, 29, 7, 133, 77, 30, 8, 31, 132, 68, 123, 9, 32, 78, 71, 138, 79, 93, 139, 69, 94, 140, 117, 65, 111, 129, 141, 66, 116, 91, 135, 118, 137, 136, 131, 67, 64, 10, 33, 107, 108, 34, 84, 85, 11, 13, 35, 110, 101]
A048;7623704;12.327;[3, 4, 1, 27, 6, 2, 5, 7, 8, 9, 10, 11, 25, 12, 21, 22, 23, 57, 26, 38, 37, 15, 16, 44, 24, 45, 20, 54, 51, 17, 14, 39, 46, 67, 18, 52, 66, 32, 13, 47, 35, 58, 19, 53, 31, 64, 30, 29, 60, 61, 33, 48, 28, 62, 40, 36, 42, 41, 55, 43, 56, 59, 65, 50, 63, 34, 68, 49]
A051;8656920;8.378;[3, 4, 1, 6, 28, 7, 2, 5, 8, 9, 10, 11, 12, 13, 22, 26, 41, 23, 59, 24, 39, 27, 38, 16, 17, 46, 25, 47, 56, 21, 15, 48, 53, 18, 69, 40, 54, 19, 68, 33, 14, 49, 32, 60, 36, 20, 55, 44, 50, 31, 66, 30, 62, 63, 29, 64, 42, 37, 34, 43, 57, 45, 58, 61, 67, 52, 65, 35, 70, 51]
A052;9004810;13.785;[3, 4, 6, 1, 2, 7, 5, 56, 22, 28, 23, 41, 8, 9, 10, 39, 11, 12, 13, 26, 27, 24, 38, 25, 46, 53, 18, 19, 47, 69, 62, 51, 16, 15, 40, 49, 14, 48, 36, 59, 54, 20, 55, 21, 17, 52, 63, 30, 31, 67, 32, 61, 34, 68, 33, 37, 42, 29, 64, 57, 50, 58, 66, 43, 44, 45, 70, 35, 65, 60]
A053;9038;0.107;[3, 2, 1, 7, 4, 9, 5, 10, 6, 11, 12, 8]
A054;0;0.067;[1, 2]
A055;277;0.078;[1, 5, 2, 3, 6, 4]
A056;31017;0.153;[2, 3, 1, 7, 8, 4, 13, 14, 5, 12, 6, 15, 17, 11, 9, 18, 10, 16]
A057;50686;0.185;[8, 6, 5, 4, 9, 7, 17, 1, 11, 13, 3, 2, 10, 20, 18, 19, 16, 15, 14, 12]
A058;1041084;1.078;[3, 4, 6, 5, 7, 8, 9, 2, 1, 13, 17, 26, 16, 24, 14, 23, 15, 25, 32, 12, 11, 31, 37, 18, 19, 28, 20, 40, 30, 10, 21, 34, 27, 36, 29, 22, 33, 39, 38, 35]
A059;9004810;13.454;[3, 4, 6, 1, 7, 2, 5, 56, 22, 28, 8, 9, 10, 11, 12, 23, 13, 26, 41, 27, 39, 24, 38, 25, 46, 47, 18, 53, 69, 62, 19, 16, 51, 15, 40, 14, 49, 36, 59, 54, 20, 55, 48, 52, 17, 21, 63, 30, 31, 32, 67, 33, 68, 37, 42, 61, 34, 29, 64, 57, 66, 43, 44, 45, 50, 58, 35, 70, 65, 60]
A060;40318202;55.198;[7, 8, 1, 10, 6, 40, 11, 9, 87, 48, 12, 17, 73, 13, 14, 15, 16, 18, 19, 76, 45, 20, 21, 46, 22, 47, 2, 52, 41, 42, 82, 3, 4, 43, 60, 44, 58, 5, 51, 57, 83, 66, 79, 29, 99, 75, 25, 35, 59, 93, 27, 77, 26, 85, 36, 86, 68, 69, 37, 38, 88, 39, 89, 97, 54, 65, 70, 78, 28, 50, 30, 81, 31, 55, 64, 72, 23, 74, 24, 32, 33, 34, 71, 98, 96, 49, 56, 61, 90, 95, 80, 92, 100, 62, 67, 53, 63, 91, 94, 84]
A061;112601876;58.184;[7, 8, 10, 1, 6, 11, 9, 106, 44, 12, 17, 13, 18, 14, 19, 15, 89, 20, 16, 21, 94, 22, 2, 67, 3, 49, 4, 50, 5, 80, 45, 46, 86, 51, 101, 52, 75, 47, 48, 27, 38, 73, 72, 102, 108, 43, 62, 66, 37, 42, 107, 41, 36, 28, 124, 26, 40, 74, 112, 31, 104, 39, 125, 81, 33, 98, 83, 90, 91, 29, 84, 116, 61, 70, 69, 85, 35, 100, 34, 30, 32, 97, 87, 23, 88, 24, 25, 96, 59, 93, 79, 82, 123, 58, 57, 122, 56, 55, 117, 60, 53, 118, 115, 54, 109, 76, 105, 114, 99, 111, 126, 71, 129, 64, 127, 65, 130, 121, 77, 92, 78, 68, 110, 63, 128, 120, 113, 119, 95, 103]
A062;296211751;56.042;[15, 16, 17, 18, 19, 4, 5, 6, 14, 13, 12, 11, 9, 3, 2, 25, 24, 23, 22, 21, 20, 8, 10, 7, 50, 1, 58, 59, 60, 119, 51, 57, 96, 114, 107, 56, 49, 129, 52, 55, 108, 124, 54, 53, 82, 48, 125, 47, 61, 41, 85, 151, 130, 131, 75, 150, 144, 43, 42, 32, 91, 89, 106, 145, 73, 120, 118, 121, 74, 123, 72, 140, 111, 44, 45, 88, 46, 33, 97, 34, 104, 67, 68, 84, 66, 141, 69, 30, 110, 35, 63, 70, 36, 138, 113, 37, 29, 109, 122, 28, 27, 26, 105, 134, 40, 103, 102, 64, 101, 39, 38, 90, 95, 65, 31, 81, 142, 62, 149, 71, 139, 98, 147, 152, 159, 79, 153, 157, 99, 127, 86, 135, 94, 93, 92, 100, 132, 83, 87, 154, 155, 160, 80, 156, 76, 115, 137, 116, 78, 158, 146, 133, 77, 136, 117, 148, 143, 112, 126, 128]
A063;286003618;57.687;[19, 20, 21, 22, 23, 24, 25, 27, 6, 7, 8, 28, 9, 5, 4, 3, 2, 32, 18, 10, 17, 16, 14, 13, 31, 30, 29, 26, 15, 12, 11, 55, 56, 1, 57, 54, 135, 114, 112, 122, 102, 63, 64, 65, 60, 61, 62, 133, 52, 51, 132, 115, 59, 58, 83, 136, 40, 103, 156, 137, 131, 86, 53, 94, 95, 97, 129, 48, 50, 49, 146, 82, 96, 128, 41, 45, 126, 121, 155, 74, 134, 149, 110, 85, 111, 42, 47, 78, 43, 69, 150, 76, 113, 77, 68, 44, 33, 87, 116, 34, 88, 46, 35, 89, 106, 36, 118, 37, 38, 101, 39, 108, 124, 73, 154, 140, 100, 153, 72, 71, 130, 70, 144, 67, 66, 147, 75, 125, 104, 145, 157, 80, 161, 105, 158, 98, 141, 92, 117, 148, 143, 160, 79, 139, 127, 90, 93, 123, 91, 109, 107, 120, 159, 152, 162, 81, 84, 138, 99, 151, 142, 119]
A064;115298966;29.631;[13, 14, 16, 17, 18, 19, 20, 21, 22, 23, 24, 26, 27, 28, 29, 30, 31, 32, 33, 1, 82, 11, 92, 15, 96, 25, 106, 34, 115, 35, 116, 36, 117, 37, 118, 38, 119, 83, 2, 3, 84, 4, 85, 5, 86, 6, 87, 7, 88, 8, 89, 9, 90, 10, 91, 12, 93, 94, 95, 97, 98, 99, 100, 101, 102, 103, 104, 105, 107, 108, 109, 110, 111, 112, 113, 114, 122, 123, 124, 125, 126, 127, 128, 130, 50, 131, 52, 133, 48, 129, 51, 132, 53, 134, 54, 135, 57, 138, 55, 136, 65, 146, 66, 147, 148, 67, 68, 149, 69, 150, 39, 120, 56, 137, 40, 121, 58, 139, 41, 140, 59, 60, 141, 42, 142, 61, 43, 62, 143, 44, 45, 63, 144, 46, 64, 145, 47, 49, 70, 151, 71, 152, 72, 153, 73, 154, 79, 160, 80, 161, 74, 155, 75, 156, 76, 157, 77, 158, 78, 159, 162, 81]
A065;330692776;58.524;[13, 14, 16, 17, 18, 19, 20, 21, 22, 23, 29, 30, 31, 32, 24, 25, 27, 2, 3, 28, 4, 5, 6, 7, 8, 9, 26, 10, 12, 15, 11, 1, 56, 139, 116, 125, 65, 66, 136, 67, 62, 61, 59, 63, 55, 64, 60, 137, 85, 50, 133, 99, 97, 132, 160, 140, 57, 58, 141, 96, 51, 123, 150, 159, 52, 135, 153, 41, 154, 105, 42, 78, 104, 129, 79, 87, 43, 113, 49, 44, 45, 89, 118, 115, 33, 90, 88, 34, 117, 53, 54, 114, 72, 112, 73, 46, 98, 74, 40, 84, 47, 149, 77, 68, 75, 35, 76, 124, 69, 91, 48, 131, 148, 108, 134, 144, 103, 36, 120, 37, 38, 39, 110, 102, 94, 100, 70, 71, 106, 156, 101, 151, 92, 161, 158, 143, 81, 147, 165, 82, 107, 127, 93, 86, 111, 128, 83, 166, 163, 80, 138, 145, 109, 130, 95, 162, 122, 119, 152, 164, 126, 157, 142, 155, 121, 146]
A066;345179771;56.826;[13, 14, 16, 1, 11, 17, 15, 60, 28, 18, 26, 19, 20, 29, 21, 30, 22, 23, 31, 24, 32, 25, 27, 142, 118, 127, 87, 2, 3, 61, 66, 4, 5, 6, 62, 7, 8, 67, 9, 68, 139, 101, 63, 64, 10, 12, 58, 65, 86, 99, 59, 140, 106, 57, 56, 98, 53, 163, 143, 41, 144, 51, 136, 107, 90, 119, 54, 55, 81, 116, 52, 135, 131, 77, 162, 126, 138, 156, 71, 157, 72, 153, 79, 125, 40, 100, 80, 42, 89, 43, 44, 45, 91, 92, 120, 46, 114, 47, 115, 93, 50, 117, 33, 34, 35, 110, 48, 133, 36, 134, 49, 105, 37, 122, 38, 39, 76, 161, 160, 75, 147, 74, 112, 166, 73, 82, 108, 137, 151, 70, 69, 154, 78, 152, 169, 84, 109, 165, 141, 145, 121, 128, 94, 155, 129, 148, 111, 132, 95, 102, 113, 159, 104, 150, 96, 158, 168, 83, 97, 146, 149, 123, 164, 130, 124, 167, 85, 170, 88, 103]
A067;415559953;60.212;[19, 20, 21, 22, 31, 23, 32, 24, 2, 25, 27, 3, 18, 30, 17, 16, 4, 14, 5, 13, 29, 26, 15, 11, 1, 28, 6, 7, 8, 9, 10, 12, 62, 111, 69, 70, 71, 67, 142, 134, 68, 61, 148, 58, 66, 60, 123, 147, 150, 65, 63, 64, 92, 42, 57, 106, 151, 171, 104, 103, 59, 54, 144, 43, 161, 105, 124, 95, 112, 56, 55, 131, 41, 143, 48, 138, 44, 119, 94, 120, 45, 152, 53, 84, 121, 80, 170, 133, 146, 164, 74, 165, 75, 82, 122, 46, 47, 33, 83, 91, 96, 126, 97, 34, 49, 125, 35, 98, 36, 115, 140, 50, 37, 141, 51, 38, 128, 113, 52, 85, 110, 109, 39, 40, 149, 117, 169, 79, 168, 78, 77, 174, 155, 145, 156, 159, 116, 76, 73, 139, 102, 162, 72, 81, 160, 135, 99, 100, 118, 107, 101, 114, 90, 180, 173, 136, 177, 87, 127, 158, 163, 86, 176, 154, 153, 129, 157, 167, 137, 166, 172, 132, 130, 175, 178, 88, 89, 179, 93, 108]
A068;163921684;54.605;[13, 14, 16, 17, 18, 19, 20, 21, 22, 23, 24, 26, 27, 28, 29, 30, 31, 32, 33, 1, 91, 11, 101, 15, 105, 25, 115, 34, 124, 35, 125, 36, 126, 37, 127, 38, 128, 2, 92, 3, 93, 4, 94, 5, 95, 6, 96, 7, 97, 8, 98, 9, 99, 10, 100, 12, 102, 103, 104, 106, 107, 108, 109, 110, 111, 112, 113, 114, 116, 117, 118, 119, 120, 121, 122, 123, 131, 132, 133, 134, 51, 141, 135, 136, 52, 142, 144, 54, 49, 139, 140, 138, 137, 55, 145, 53, 143, 56, 146, 57, 147, 58, 148, 62, 152, 59, 149, 70, 160, 60, 150, 71, 161, 72, 162, 73, 163, 74, 164, 39, 129, 61, 151, 40, 130, 63, 153, 41, 64, 154, 42, 65, 155, 43, 66, 156, 44, 67, 157, 45, 46, 68, 158, 47, 69, 159, 48, 50, 75, 165, 76, 166, 77, 167, 78, 168, 79, 169, 86, 176, 87, 177, 88, 178, 89, 179, 80, 170, 81, 171, 82, 172, 83, 173, 84, 174, 85, 175, 180, 90]
A069;555120987;57.602;[23, 22, 21, 20, 32, 24, 25, 27, 2, 3, 4, 5, 6, 7, 8, 9, 28, 10, 19, 18, 17, 12, 31, 30, 16, 14, 13, 29, 26, 114, 15, 63, 11, 1, 59, 154, 126, 137, 70, 71, 72, 145, 69, 151, 68, 67, 150, 66, 64, 65, 95, 62, 155, 58, 57, 61, 127, 124, 98, 156, 175, 60, 54, 147, 134, 165, 86, 83, 45, 97, 44, 115, 43, 56, 149, 55, 146, 141, 136, 106, 107, 109, 42, 174, 81, 168, 46, 169, 47, 84, 99, 108, 85, 100, 80, 79, 41, 78, 163, 148, 159, 48, 122, 123, 53, 125, 33, 129, 49, 34, 35, 128, 101, 77, 74, 75, 73, 94, 76, 50, 51, 52, 113, 36, 118, 37, 38, 39, 40, 120, 82, 116, 164, 172, 185, 177, 176, 166, 173, 182, 186, 138, 102, 103, 121, 171, 96, 110, 111, 92, 179, 93, 90, 91, 184, 157, 152, 117, 132, 183, 143, 112, 178, 144, 131, 180, 87, 153, 140, 133, 130, 160, 105, 170, 167, 104, 139, 181, 142, 161, 119, 89, 162, 88, 158, 135]
A070;495507720;59.144;[17, 18, 19, 16, 15, 14, 26, 27, 28, 12, 24, 20, 21, 11, 29, 13, 30, 10, 22, 2, 23, 25, 3, 4, 5, 6, 7, 8, 9, 63, 64, 114, 1, 138, 71, 72, 127, 152, 57, 73, 68, 62, 157, 61, 69, 60, 147, 70, 67, 65, 58, 153, 66, 97, 74, 158, 42, 179, 106, 149, 54, 107, 59, 124, 109, 41, 135, 40, 115, 159, 168, 43, 99, 85, 108, 88, 48, 121, 122, 44, 128, 100, 56, 151, 55, 123, 148, 143, 178, 83, 45, 137, 77, 172, 46, 53, 125, 31, 126, 78, 173, 116, 86, 87, 130, 47, 102, 32, 33, 96, 103, 49, 129, 34, 104, 145, 50, 146, 51, 52, 35, 118, 113, 36, 132, 37, 89, 112, 101, 155, 163, 156, 144, 38, 39, 82, 177, 162, 120, 81, 176, 119, 150, 80, 166, 79, 169, 76, 75, 170, 110, 84, 167, 189, 94, 165, 180, 183, 95, 190, 181, 160, 139, 175, 174, 140, 154, 105, 133, 186, 91, 141, 142, 117, 182, 171, 90, 185, 164, 161, 136, 131, 134, 184, 187, 92, 93, 188, 98, 111]
A071;625169391;59.682;[9, 10, 26, 25, 24, 23, 28, 29, 22, 8, 7, 6, 5, 4, 21, 3, 2, 33, 11, 20, 32, 19, 18, 31, 17, 30, 15, 27, 14, 16, 12, 1, 75, 13, 74, 73, 142, 131, 63, 57, 160, 64, 67, 72, 151, 71, 70, 156, 69, 147, 68, 98, 152, 157, 89, 180, 130, 88, 134, 58, 87, 162, 161, 65, 181, 133, 153, 175, 174, 59, 155, 86, 171, 139, 53, 105, 52, 104, 39, 103, 50, 122, 38, 49, 37, 48, 36, 66, 47, 35, 100, 34, 101, 54, 40, 55, 41, 117, 118, 132, 60, 46, 119, 42, 61, 62, 128, 80, 81, 82, 83, 84, 170, 45, 141, 85, 76, 77, 169, 154, 165, 78, 79, 129, 110, 111, 113, 120, 124, 56, 127, 191, 183, 44, 126, 51, 112, 43, 97, 136, 125, 96, 185, 107, 95, 146, 145, 179, 188, 92, 172, 114, 106, 144, 168, 182, 177, 150, 121, 108, 189, 93, 90, 186, 102, 190, 94, 99, 91, 164, 159, 149, 166, 109, 116, 115, 184, 138, 123, 178, 143, 192, 163, 135, 140, 176, 148, 158, 137, 173, 187, 167]
A072;615187068;60.011;[20, 21, 22, 23, 24, 34, 25, 2, 33, 19, 18, 32, 31, 17, 15, 30, 14, 27, 16, 12, 1, 146, 75, 76, 77, 26, 135, 29, 165, 69, 70, 71, 160, 72, 28, 73, 3, 155, 4, 5, 6, 7, 8, 9, 10, 74, 11, 13, 101, 78, 116, 114, 68, 121, 63, 132, 62, 161, 167, 166, 67, 187, 66, 65, 61, 136, 64, 58, 157, 113, 104, 60, 59, 46, 156, 52, 151, 45, 176, 89, 115, 92, 159, 186, 87, 145, 143, 44, 100, 81, 180, 122, 47, 103, 129, 48, 49, 130, 50, 131, 57, 140, 133, 35, 134, 82, 181, 90, 51, 93, 91, 138, 36, 106, 107, 37, 53, 38, 137, 108, 54, 154, 55, 39, 153, 56, 120, 119, 125, 40, 41, 42, 43, 86, 185, 85, 184, 84, 170, 158, 83, 177, 174, 80, 79, 178, 112, 88, 175, 127, 123, 172, 197, 98, 191, 189, 198, 99, 147, 109, 168, 148, 110, 182, 117, 162, 173, 141, 128, 111, 194, 95, 124, 190, 94, 193, 179, 149, 139, 142, 192, 169, 188, 183, 150, 195, 96, 105, 163, 171, 126, 196, 97, 164, 152, 144, 102, 118]
A073;226107706;59.833;[20, 21, 22, 23, 19, 18, 17, 15, 14, 1, 100, 12, 111, 16, 115, 24, 27, 126, 36, 135, 37, 136, 25, 26, 28, 29, 38, 137, 39, 138, 40, 139, 101, 2, 102, 3, 103, 4, 104, 5, 30, 6, 105, 31, 7, 106, 32, 8, 107, 33, 34, 9, 108, 35, 10, 109, 146, 145, 144, 11, 110, 143, 147, 13, 112, 148, 113, 114, 55, 154, 57, 156, 116, 117, 127, 125, 128, 124, 123, 122, 121, 120, 119, 118, 129, 149, 58, 157, 59, 158, 159, 60, 130, 131, 54, 153, 132, 133, 134, 41, 140, 152, 52, 151, 155, 56, 150, 67, 166, 61, 160, 62, 161, 175, 76, 162, 63, 176, 77, 78, 177, 64, 163, 164, 65, 66, 165, 167, 68, 178, 79, 69, 168, 179, 80, 169, 70, 170, 71, 171, 72, 141, 42, 43, 142, 44, 45, 46, 47, 73, 172, 48, 74, 173, 174, 75, 81, 180, 49, 181, 82, 50, 83, 182, 51, 53, 183, 84, 85, 184, 193, 94, 95, 194, 195, 96, 97, 196, 86, 185, 186, 87, 88, 187, 188, 89, 189, 90, 91, 190, 92, 191, 192, 93, 98, 197, 99, 198]
R006;56315;0.446;[29, 14, 18, 3, 30, 15, 21, 6, 9, 24, 17, 20, 5, 28, 13, 23, 8, 26, 11, 25, 10, 7, 4, 19, 16, 1, 12, 27, 2, 22]
R009;113438;0.790;[19, 38, 18, 17, 36, 30, 22, 3, 14, 33, 32, 13, 9, 28, 21, 2, 4, 23, 5, 24, 8, 27, 1, 20, 37, 10, 29, 11, 15, 34, 35, 16, 26, 7, 31, 12, 6, 25]
R013;0;0.606;[31, 14, 8, 25, 7, 24, 6, 23, 22, 5, 4, 21, 15, 32, 16, 33, 3, 20, 17, 34, 26, 9, 10, 27, 11, 28, 12, 29, 19, 2, 30, 13, 1, 18]
R014;0;0.233;[1, 11, 8, 18, 12, 2, 13, 3, 19, 9, 4, 14, 5, 15, 20, 10, 16, 6, 7, 17]
R015;0;0.240;[1, 11, 18, 8, 2, 12, 3, 13, 4, 14, 5, 15, 9, 19, 20, 10, 6, 16, 7, 17]
R016;2176754;11.214;[60, 55, 46, 16, 30, 53, 15, 45, 14, 43, 13, 28, 58, 9, 39, 38, 8, 27, 56, 26, 25, 23, 44, 37, 7, 35, 5, 49, 19, 33, 31, 1, 6, 36, 24, 54, 20, 50, 21, 22, 29, 59, 34, 4, 32, 2, 40, 3, 12, 42, 41, 11, 48, 10, 17, 47, 51, 57, 18, 52]
R017;3182935;11.592;[63, 66, 53, 54, 55, 22, 21, 8, 41, 20, 7, 40, 19, 52, 9, 42, 32, 31, 30, 51, 18, 46, 13, 45, 12, 44, 11, 50, 17, 10, 43, 28, 61, 64, 5, 38, 1, 34, 2, 37, 4, 58, 25, 3, 36, 6, 39, 33, 62, 29, 26, 35, 27, 47, 16, 49, 15, 48, 14, 57, 23, 56, 59, 65, 60, 24]
R018;1567984;13.415;[58, 54, 46, 17, 29, 16, 45, 52, 25, 55, 26, 30, 1, 27, 23, 15, 44, 43, 14, 56, 10, 39, 9, 38, 8, 37, 6, 35, 49, 20, 2, 31, 50, 21, 53, 24, 5, 34, 3, 33, 4, 36, 7, 57, 28, 32, 42, 13, 12, 48, 11, 40, 22, 41, 47, 18, 19, 51]
R019;2110350;8.872;[62, 53, 54, 55, 23, 22, 41, 9, 21, 30, 8, 40, 42, 10, 20, 52, 33, 1, 31, 51, 19, 46, 14, 13, 45, 12, 44, 50, 18, 11, 43, 60, 28, 63, 2, 34, 29, 61, 38, 6, 58, 26, 37, 5, 7, 49, 17, 16, 3, 4, 36, 47, 15, 48, 27, 25, 57, 24, 56, 39, 32, 64, 59, 35]
R020;2851600;8.744;[68, 63, 54, 20, 34, 53, 19, 8, 42, 7, 41, 9, 43, 67, 33, 28, 62, 31, 30, 29, 18, 52, 13, 47, 46, 12, 45, 11, 51, 17, 10, 44, 60, 26, 35, 1, 5, 39, 57, 23, 38, 4, 64, 61, 27, 37, 40, 6, 66, 32, 36, 2, 24, 25, 48, 3, 50, 16, 49, 15, 56, 14, 55, 21, 58, 65, 22, 59]
R021;36955;0.403;[10, 23, 9, 17, 4, 8, 2, 15, 16, 3, 14, 1, 19, 6, 5, 18, 7, 20, 26, 13, 22, 25, 12, 21, 24, 11]
R022;35986;0.464;[13, 26, 21, 8, 9, 10, 23, 4, 17, 12, 25, 22, 2, 15, 16, 3, 20, 7, 1, 14, 18, 19, 6, 11, 24, 5]
R023;8;0.334;[26, 13, 10, 23, 4, 17, 15, 2, 16, 3, 14, 1, 6, 19, 18, 5, 7, 20, 22, 9, 25, 12, 8, 21, 24, 11]
R026;0;0.081;[5, 6, 7, 8, 9, 10, 2, 1, 4, 3]
R031;65685;1.861;[10, 30, 22, 2, 25, 5, 23, 3, 26, 6, 4, 24, 29, 9, 28, 7, 27, 8, 1, 21, 33, 13, 32, 12, 37, 17, 36, 16, 15, 35, 18, 38, 19, 39, 14, 34, 31, 11, 40, 20]
R032;6;0.970;[10, 30, 24, 4, 9, 29, 3, 23, 8, 28, 7, 27, 2, 22, 6, 26, 5, 25, 1, 21, 33, 13, 12, 32, 17, 37, 16, 36, 38, 18, 39, 19, 20, 40, 35, 15, 14, 34, 31, 11]
R033;264;0.086;[3, 6, 5, 1, 4, 2]
R034;1;0.084;[2, 5, 4, 1, 6, 3]
R035;5;0.122;[1, 7, 3, 9, 11, 5, 2, 8, 4, 10, 6, 12]
R036;6;1.145;[10, 30, 4, 24, 3, 23, 2, 22, 9, 29, 6, 26, 1, 21, 8, 28, 27, 7, 13, 33, 12, 32, 37, 17, 36, 16, 25, 5, 18, 38, 39, 19, 40, 20, 15, 35, 14, 34, 11, 31]
R037;3637;0.138;[1, 7, 2, 9, 3, 11, 8, 4, 10, 5, 12, 6]
R038;65685;1.657;[5, 25, 2, 22, 30, 10, 23, 3, 6, 26, 24, 4, 29, 9, 28, 7, 27, 8, 33, 13, 17, 37, 1, 21, 32, 12, 36, 16, 15, 35, 38, 18, 19, 39, 34, 14, 31, 11, 40, 20]
R039;6;0.914;[10, 30, 4, 24, 3, 23, 2, 22, 9, 29, 8, 28, 13, 33, 27, 7, 6, 26, 25, 5, 1, 21, 17, 37, 19, 39, 12, 32, 20, 40, 36, 16, 15, 35, 14, 34, 31, 11, 38, 18]
R040;6;0.995;[10, 30, 24, 4, 9, 29, 3, 23, 2, 22, 13, 33, 6, 26, 17, 37, 25, 5, 21, 1, 8, 28, 27, 7, 12, 32, 36, 16, 19, 39, 20, 40, 35, 15, 14, 34, 11, 31, 18, 38]
R041;1;0.114;[2, 5, 9, 1, 4, 8, 7, 10, 3, 6]
R042;424793;5.699;[34, 12, 37, 11, 36, 10, 9, 8, 33, 32, 7, 35, 6, 31, 30, 5, 29, 4, 3, 28, 22, 47, 52, 46, 21, 51, 45, 20, 44, 19, 25, 50, 43, 18, 2, 27, 38, 1, 26, 49, 24, 13, 14, 39, 15, 40, 16, 41, 23, 48, 42, 17]
R043;1;0.096;[5, 2, 9, 1, 4, 8, 10, 7, 3, 6]
R044;143534;3.261;[34, 9, 33, 8, 7, 32, 31, 6, 5, 30, 4, 29, 28, 3, 10, 35, 36, 11, 12, 37, 39, 14, 17, 42, 26, 13, 38, 27, 2, 1, 16, 41, 15, 40, 18, 43, 22, 47, 46, 21, 50, 25, 20, 45, 51, 52, 49, 24, 19, 44, 23, 48]
R045;424793;5.899;[34, 12, 37, 11, 36, 10, 9, 8, 33, 7, 32, 35, 31, 6, 5, 30, 29, 4, 28, 3, 22, 47, 52, 46, 21, 51, 25, 50, 20, 45, 24, 49, 19, 44, 2, 27, 1, 13, 38, 26, 48, 23, 14, 39, 15, 40, 18, 43, 41, 16, 17, 42]
R046;143534;3.483;[31, 6, 5, 30, 29, 4, 28, 3, 32, 7, 33, 8, 34, 9, 35, 10, 36, 11, 37, 12, 14, 39, 42, 17, 2, 26, 1, 38, 13, 27, 16, 41, 15, 40, 18, 43, 21, 46, 20, 45, 19, 44, 22, 47, 25, 50, 24, 49, 51, 48, 23, 52]
R047;65685;2.332;[30, 10, 2, 22, 25, 5, 23, 3, 26, 6, 24, 4, 29, 9, 7, 28, 8, 27, 1, 21, 33, 13, 17, 37, 32, 12, 36, 16, 35, 15, 34, 14, 31, 11, 38, 18, 39, 19, 40, 20]
R048;10;1.593;[28, 8, 27, 7, 26, 6, 9, 29, 10, 30, 11, 31, 5, 25, 12, 32, 24, 4, 3, 23, 45, 44, 13, 33, 2, 22, 41, 21, 1, 16, 36, 37, 17, 15, 35, 20, 40, 42, 43, 14, 34, 19, 39, 38, 18]
R049;184503;1.203;[29, 32, 12, 11, 31, 10, 9, 28, 8, 7, 27, 30, 26, 6, 25, 5, 24, 4, 3, 23, 45, 17, 37, 16, 36, 15, 35, 44, 34, 14, 33, 13, 2, 22, 41, 1, 21, 20, 40, 19, 39, 42, 38, 18, 43]
R050;10;1.557;[28, 8, 27, 7, 26, 6, 9, 29, 10, 30, 11, 31, 5, 25, 12, 32, 24, 4, 45, 3, 23, 44, 33, 13, 22, 2, 41, 1, 21, 42, 43, 36, 16, 17, 37, 35, 15, 14, 34, 40, 20, 19, 39, 38, 18]
R051;184503;1.424;[29, 12, 32, 31, 11, 10, 9, 28, 8, 27, 7, 30, 6, 26, 25, 5, 4, 24, 3, 23, 45, 17, 37, 36, 16, 44, 15, 35, 14, 34, 33, 13, 22, 2, 41, 20, 40, 1, 21, 39, 19, 42, 43, 38, 18]
R052;424793;4.862;[34, 12, 37, 11, 36, 10, 9, 8, 33, 7, 32, 35, 6, 31, 5, 30, 4, 29, 28, 3, 22, 47, 52, 21, 46, 51, 45, 20, 44, 19, 43, 18, 27, 2, 1, 13, 38, 26, 50, 25, 24, 49, 39, 14, 48, 23, 40, 15, 41, 16, 42, 17]
R053;424793;4.352;[34, 12, 37, 11, 36, 10, 9, 8, 33, 32, 7, 35, 31, 6, 30, 5, 4, 29, 3, 28, 22, 47, 52, 46, 21, 51, 20, 45, 44, 19, 43, 18, 2, 27, 1, 13, 38, 26, 25, 50, 15, 40, 14, 39, 49, 24, 16, 41, 23, 48, 17, 42]
R054;184503;1.269;[29, 12, 32, 11, 31, 10, 9, 28, 8, 27, 7, 30, 6, 26, 25, 5, 24, 4, 23, 3, 45, 37, 17, 36, 16, 35, 15, 20, 40, 39, 19, 34, 14, 44, 13, 33, 22, 2, 41, 21, 1, 18, 38, 42, 43]
R055;10;1.727;[29, 9, 28, 8, 27, 7, 26, 6, 30, 10, 31, 11, 12, 32, 25, 5, 4, 24, 45, 3, 23, 44, 33, 13, 22, 2, 41, 1, 21, 42, 37, 17, 16, 36, 15, 35, 14, 34, 43, 40, 20, 39, 19, 18, 38]
R075;1;0.107;[9, 4, 6, 1, 8, 3, 7, 2, 5, 10]
R076;1;0.095;[7, 3, 2, 6, 1, 5, 4, 8]
R077;671241;4.744;[26, 2, 39, 15, 14, 37, 13, 16, 40, 48, 24, 27, 30, 1, 25, 12, 36, 38, 35, 20, 44, 41, 17, 47, 23, 4, 28, 3, 6, 32, 33, 18, 42, 19, 43, 11, 21, 45, 46, 22, 31, 7, 10, 34, 8, 29, 5, 9]
R078;194826;0.490;[4, 3, 8, 9, 10, 2, 11, 26, 19, 13, 18, 27, 12, 21, 6, 7, 22, 23, 24, 25, 17, 28, 5, 20, 1, 16, 29, 14, 30, 15]
R079;671241;4.745;[2, 26, 15, 39, 14, 37, 13, 16, 40, 48, 24, 30, 1, 25, 27, 36, 12, 38, 35, 20, 44, 17, 41, 47, 23, 28, 4, 3, 6, 32, 33, 42, 18, 19, 43, 11, 21, 45, 46, 22, 5, 29, 31, 7, 10, 34, 8, 9]
R081;0;0.513;[1, 18, 10, 27, 11, 28, 12, 29, 13, 30, 16, 33, 34, 17, 2, 19, 31, 14, 20, 3, 15, 32, 4, 21, 5, 22, 6, 23, 24, 7, 8, 25, 9, 26]
R082;2;0.132;[10, 4, 1, 7, 3, 9, 11, 5, 12, 6, 2, 8]
R083;4;0.259;[19, 7, 22, 10, 1, 13, 8, 20, 2, 14, 9, 21, 11, 23, 5, 17, 12, 24, 15, 3, 16, 4, 18, 6]
R084;55925;0.759;[1, 13, 22, 23, 11, 10, 9, 21, 18, 8, 20, 6, 3, 15, 12, 24, 7, 4, 16, 19, 14, 17, 5, 2]
R085;8793;0.205;[15, 7, 6, 11, 3, 5, 9, 1, 14, 10, 2, 13, 8, 16, 4, 12]
R086;2176754;6.798;[60, 55, 46, 16, 30, 45, 15, 14, 43, 13, 58, 28, 39, 9, 38, 8, 53, 27, 56, 26, 25, 23, 44, 7, 37, 5, 35, 49, 19, 31, 1, 34, 4, 2, 50, 20, 33, 3, 36, 6, 59, 29, 32, 54, 24, 21, 22, 40, 42, 12, 41, 11, 48, 10, 47, 17, 51, 57, 18, 52]
R087;2176754;12.551;[60, 55, 46, 16, 30, 45, 15, 14, 43, 13, 53, 28, 58, 39, 9, 8, 38, 27, 56, 26, 25, 23, 44, 37, 7, 5, 35, 49, 19, 33, 31, 1, 20, 50, 36, 6, 4, 34, 29, 59, 2, 32, 24, 54, 21, 3, 22, 40, 12, 42, 11, 41, 48, 10, 17, 47, 51, 57, 52, 18]
R088;1960758;6.538;[57, 49, 47, 48, 18, 19, 5, 35, 17, 4, 34, 46, 16, 6, 36, 29, 28, 27, 15, 45, 40, 10, 39, 9, 8, 38, 44, 14, 37, 7, 25, 55, 58, 32, 2, 22, 52, 3, 33, 56, 26, 31, 1, 23, 24, 41, 13, 43, 42, 12, 11, 51, 50, 20, 53, 59, 54, 21, 30, 60]
R089;1960758;7.411;[57, 47, 48, 49, 19, 18, 17, 5, 35, 34, 4, 6, 36, 16, 46, 29, 28, 27, 45, 15, 40, 10, 9, 39, 38, 8, 44, 14, 37, 7, 55, 25, 58, 56, 26, 2, 32, 3, 33, 22, 52, 23, 24, 41, 43, 13, 12, 42, 1, 31, 51, 11, 20, 50, 53, 59, 54, 21, 60, 30]
R090;1376702;6.260;[56, 49, 47, 48, 19, 20, 35, 6, 18, 27, 5, 34, 30, 1, 36, 7, 17, 46, 28, 45, 16, 11, 40, 39, 10, 9, 38, 15, 44, 8, 37, 54, 25, 57, 55, 26, 3, 32, 52, 23, 2, 31, 4, 43, 14, 41, 24, 13, 42, 51, 22, 12, 50, 21, 53, 33, 58, 29]
R091;1376702;6.733;[56, 47, 48, 49, 20, 19, 18, 27, 35, 6, 1, 30, 34, 5, 7, 36, 17, 46, 28, 16, 45, 40, 11, 39, 10, 9, 38, 44, 15, 37, 8, 25, 54, 57, 3, 32, 23, 52, 55, 26, 4, 31, 2, 43, 14, 41, 24, 42, 13, 22, 51, 21, 50, 12, 33, 58, 29, 53]
R092;1567928;25.340;[58, 54, 46, 17, 29, 25, 45, 16, 30, 1, 52, 55, 26, 27, 23, 15, 44, 43, 14, 56, 10, 39, 9, 38, 37, 8, 35, 6, 49, 20, 2, 31, 24, 53, 21, 50, 34, 5, 33, 57, 28, 3, 32, 4, 36, 7, 42, 13, 12, 11, 40, 22, 41, 48, 47, 18, 19, 51]
R093;1567928;15.665;[58, 54, 46, 17, 29, 30, 1, 25, 16, 45, 15, 43, 14, 27, 56, 26, 44, 23, 52, 55, 10, 39, 38, 9, 37, 8, 35, 6, 34, 5, 20, 49, 2, 31, 24, 53, 21, 50, 3, 33, 4, 57, 28, 32, 7, 36, 13, 42, 40, 12, 41, 48, 11, 47, 22, 51, 18, 19]
R094;2851600;10.429;[68, 63, 54, 20, 34, 19, 53, 33, 67, 42, 8, 7, 41, 28, 62, 43, 9, 31, 30, 29, 52, 18, 13, 47, 46, 12, 45, 11, 17, 51, 10, 44, 60, 26, 39, 5, 4, 38, 37, 35, 1, 57, 23, 6, 40, 32, 66, 36, 2, 3, 64, 61, 27, 24, 25, 48, 16, 50, 49, 15, 14, 56, 55, 21, 58, 65, 59, 22]
R095;2851600;11.417;[68, 63, 54, 20, 8, 42, 34, 19, 53, 33, 67, 41, 7, 62, 28, 9, 43, 31, 30, 29, 52, 18, 47, 13, 46, 12, 45, 11, 17, 51, 44, 10, 26, 60, 64, 1, 35, 61, 27, 5, 39, 23, 57, 24, 37, 4, 38, 40, 6, 32, 66, 36, 2, 25, 48, 3, 16, 50, 49, 15, 56, 14, 55, 21, 58, 65, 22, 59]
R097;1091345;6.120;[4, 3, 2, 1, 31, 32, 34, 33, 14, 44, 28, 58, 43, 13, 27, 57, 29, 59, 23, 53, 22, 52, 21, 51, 7, 37, 6, 36, 5, 35, 24, 54, 25, 55, 15, 45, 26, 56, 16, 46, 10, 40, 11, 41, 12, 42, 30, 60, 48, 8, 9, 39, 18, 17, 47, 20, 50, 19, 49, 38]
R098;1323908;5.271;[4, 3, 2, 1, 33, 34, 62, 30, 36, 35, 14, 46, 45, 13, 61, 29, 31, 63, 57, 25, 56, 24, 26, 58, 23, 55, 7, 39, 59, 27, 15, 47, 6, 38, 28, 60, 5, 37, 16, 48, 42, 10, 11, 43, 44, 12, 64, 32, 8, 9, 50, 18, 49, 17, 52, 20, 19, 51, 22, 54, 21, 53, 41, 40]
R099;40599;0.736;[20, 3, 19, 2, 1, 18, 4, 21, 16, 33, 32, 15, 14, 31, 17, 34, 11, 28, 27, 10, 22, 7, 24, 6, 23, 5, 30, 13, 12, 29, 9, 26, 25, 8]
R103;1;0.175;[1, 9, 2, 10, 3, 11, 5, 13, 4, 12, 6, 14, 15, 7, 8, 16]
R105;2;0.180;[4, 13, 15, 6, 11, 2, 14, 5, 7, 16, 12, 3, 1, 10, 9, 18, 17, 8]
R106;1;0.305;[26, 13, 12, 25, 24, 11, 23, 10, 22, 9, 21, 8, 20, 7, 6, 19, 5, 18, 17, 4, 16, 3, 15, 2, 14, 1]
R107;1;0.330;[26, 13, 25, 12, 11, 24, 10, 23, 9, 22, 8, 21, 7, 20, 19, 6, 5, 18, 17, 4, 16, 3, 2, 15, 14, 1]
R108;1;0.129;[10, 4, 9, 3, 8, 2, 1, 7, 6, 12, 5, 11]
R110;2;0.185;[4, 13, 15, 6, 16, 7, 11, 2, 5, 14, 12, 3, 1, 10, 9, 18, 8, 17]
R111;0;0.280;[24, 12, 23, 11, 22, 10, 9, 21, 8, 20, 7, 19, 6, 18, 5, 17, 4, 16, 3, 15, 14, 2, 13, 1]
R112;3;0.726;[10, 28, 7, 25, 22, 4, 36, 18, 15, 33, 1, 19, 5, 23, 2, 20, 11, 29, 8, 26, 16, 34, 13, 31, 30, 12, 9, 27, 6, 24, 21, 3, 17, 35, 14, 32]
R114;2;0.465;[9, 24, 7, 22, 19, 4, 30, 15, 27, 12, 5, 20, 17, 2, 1, 16, 13, 28, 10, 25, 8, 23, 6, 21, 3, 18, 14, 29, 11, 26]
R116;4;0.473;[20, 4, 18, 2, 3, 19, 23, 7, 21, 5, 15, 31, 1, 17, 27, 11, 9, 25, 8, 24, 22, 6, 16, 32, 29, 13, 28, 12, 26, 10, 14, 30]
R117;4;0.581;[20, 4, 18, 2, 3, 19, 7, 23, 21, 5, 15, 31, 1, 17, 27, 11, 9, 25, 8, 24, 22, 6, 16, 32, 29, 13, 28, 12, 26, 10, 14, 30]
R119;8;0.820;[2, 21, 23, 4, 15, 34, 38, 19, 27, 8, 22, 3, 9, 28, 24, 5, 35, 16, 20, 1, 29, 10, 6, 25, 17, 36, 13, 32, 31, 12, 30, 11, 7, 26, 37, 18, 33, 14]
R120;5;0.567;[18, 2, 4, 20, 19, 3, 23, 7, 5, 21, 15, 31, 1, 17, 11, 27, 25, 9, 8, 24, 22, 6, 16, 32, 29, 13, 12, 28, 10, 26, 14, 30]
R122;1;0.204;[15, 5, 13, 3, 10, 20, 18, 8, 1, 11, 6, 16, 14, 4, 12, 2, 9, 19, 17, 7]
R124;1;0.147;[4, 11, 2, 9, 7, 14, 13, 6, 1, 8, 12, 5, 10, 3]
R125;1;0.214;[2, 12, 13, 3, 14, 4, 18, 8, 7, 17, 6, 16, 5, 15, 1, 11, 19, 9, 20, 10]
R126;129723;1.132;[8, 2, 28, 23, 3, 22, 24, 4, 6, 26, 5, 25, 7, 27, 13, 33, 11, 31, 1, 21, 34, 14, 9, 29, 17, 37, 19, 39, 32, 12, 30, 10, 40, 20, 18, 38, 15, 35, 16, 36]
R127;129723;1.125;[8, 2, 28, 23, 3, 22, 4, 24, 6, 26, 5, 25, 33, 13, 31, 11, 14, 34, 29, 9, 7, 27, 1, 21, 39, 19, 37, 17, 32, 12, 30, 10, 20, 40, 35, 15, 18, 38, 16, 36]
R129;172396;2.727;[8, 2, 24, 30, 3, 25, 4, 26, 6, 28, 27, 5, 43, 21, 7, 29, 34, 12, 13, 35, 19, 41, 15, 37, 11, 31, 9, 33, 1, 23, 44, 22, 10, 32, 17, 39, 16, 38, 14, 36, 42, 20, 18, 40]
R130;1065801;7.383;[23, 55, 52, 20, 49, 17, 14, 46, 43, 11, 64, 32, 57, 25, 61, 29, 7, 39, 8, 40, 30, 62, 15, 47, 12, 44, 9, 41, 58, 59, 53, 21, 50, 18, 5, 3, 38, 6, 33, 1, 36, 4, 26, 27, 2, 34, 22, 54, 37, 35, 19, 51, 16, 48, 13, 45, 56, 24, 10, 42, 31, 63, 60, 28]
R131;1065801;8.327;[23, 55, 52, 20, 17, 49, 14, 46, 57, 25, 43, 11, 64, 32, 29, 61, 39, 7, 8, 40, 30, 62, 47, 15, 44, 12, 58, 59, 53, 21, 50, 18, 5, 3, 38, 6, 33, 1, 4, 36, 26, 27, 9, 41, 2, 34, 37, 35, 54, 22, 51, 19, 48, 16, 45, 13, 56, 24, 10, 42, 31, 63, 28, 60]
R132;715743;11.808;[47, 19, 17, 45, 15, 43, 49, 21, 41, 13, 39, 11, 56, 28, 25, 53, 35, 7, 8, 36, 26, 54, 12, 40, 9, 37, 42, 14, 50, 51, 18, 46, 44, 16, 5, 3, 6, 34, 1, 29, 32, 4, 22, 23, 2, 30, 33, 31, 20, 48, 38, 10, 55, 27, 24, 52]
R133;715743;5.840;[19, 47, 17, 45, 43, 15, 13, 41, 11, 39, 28, 56, 21, 49, 53, 25, 7, 35, 8, 36, 26, 54, 42, 14, 12, 40, 9, 37, 50, 51, 18, 46, 16, 44, 5, 3, 34, 6, 1, 29, 4, 32, 22, 23, 30, 2, 20, 48, 33, 31, 38, 10, 55, 27, 24, 52]
R134;715743;8.665;[47, 19, 17, 45, 43, 15, 13, 41, 39, 11, 28, 56, 21, 49, 25, 53, 7, 35, 36, 8, 26, 54, 14, 42, 40, 12, 50, 51, 18, 46, 16, 44, 5, 3, 6, 34, 1, 29, 32, 4, 22, 23, 9, 37, 2, 30, 33, 31, 20, 48, 10, 38, 55, 27, 52, 24]
R135;0;0.310;[17, 5, 2, 14, 10, 22, 6, 18, 15, 3, 21, 9, 13, 1, 7, 19, 8, 20, 16, 4, 11, 23, 12, 24]
R136;3;0.165;[16, 8, 15, 7, 14, 6, 13, 5, 12, 4, 11, 3, 9, 1, 10, 2]
R137;715799;10.969;[19, 47, 45, 17, 15, 43, 13, 41, 11, 39, 28, 56, 49, 21, 53, 25, 7, 35, 8, 36, 54, 26, 42, 14, 50, 51, 46, 18, 16, 44, 1, 29, 3, 5, 34, 6, 4, 32, 22, 23, 40, 12, 37, 9, 2, 30, 33, 31, 48, 20, 38, 10, 27, 55, 52, 24]
R138;0;0.224;[4, 14, 2, 12, 8, 18, 17, 7, 6, 16, 13, 3, 11, 1, 5, 15, 9, 19, 20, 10]
R139;3;0.193;[18, 9, 17, 8, 16, 7, 15, 6, 14, 5, 13, 4, 12, 3, 11, 2, 10, 1]
R141;0;0.667;[31, 14, 25, 8, 24, 7, 6, 23, 22, 5, 21, 4, 15, 32, 16, 33, 3, 20, 17, 34, 26, 9, 10, 27, 11, 28, 12, 29, 19, 2, 13, 30, 1, 18]
R142;0;0.236;[1, 11, 8, 18, 12, 2, 13, 3, 14, 4, 15, 5, 9, 19, 20, 10, 16, 6, 7, 17]
R143;0;0.219;[1, 11, 18, 8, 2, 12, 3, 13, 4, 14, 5, 15, 9, 19, 20, 10, 6, 16, 7, 17]
R144;13;2.868;[18, 46, 17, 45, 25, 53, 38, 10, 44, 16, 39, 11, 30, 2, 23, 51, 27, 55, 19, 47, 31, 3, 21, 49, 29, 1, 33, 5, 50, 22, 20, 48, 24, 52, 26, 54, 13, 41, 40, 12, 7, 35, 6, 34, 4, 32, 37, 9, 43, 15, 42, 14, 36, 8, 56, 28]
R145;2;0.302;[14, 2, 13, 1, 18, 6, 4, 16, 3, 15, 8, 20, 17, 5, 19, 7, 23, 11, 22, 10, 9, 21, 12, 24]
R146;3;0.285;[1, 13, 5, 17, 6, 18, 7, 19, 8, 20, 9, 21, 10, 22, 23, 11, 12, 24, 14, 2, 15, 3, 16, 4]
R149;3;0.258;[1, 13, 5, 17, 6, 18, 7, 19, 8, 20, 9, 21, 10, 22, 23, 11, 12, 24, 14, 2, 15, 3, 16, 4]
R160;7728330;27.589;[58, 59, 19, 57, 49, 47, 7, 18, 46, 6, 65, 62, 22, 43, 40, 80, 42, 48, 45, 5, 4, 44, 3, 2, 1, 41, 75, 16, 56, 68, 28, 29, 69, 25, 21, 55, 15, 20, 14, 54, 53, 13, 51, 52, 12, 50, 11, 17, 10, 9, 79, 38, 37, 70, 30, 71, 31, 72, 32, 8, 66, 26, 76, 36, 77, 39, 33, 73, 74, 34, 35, 63, 23, 64, 24, 27, 67, 78, 60, 61]
R163;178868;3.386;[51, 12, 37, 53, 54, 40, 15, 52, 39, 14, 38, 10, 35, 13, 36, 11, 16, 41, 42, 17, 45, 20, 50, 25, 19, 44, 3, 28, 24, 49, 2, 27, 26, 1, 6, 31, 5, 30, 9, 34, 8, 33, 4, 29, 7, 32, 23, 48, 22, 47, 56, 43, 18, 21, 46, 55]
R164;606155;5.374;[63, 43, 12, 15, 46, 45, 14, 44, 41, 10, 13, 65, 42, 11, 47, 16, 17, 48, 26, 57, 62, 31, 64, 25, 56, 34, 3, 61, 30, 2, 33, 1, 32, 53, 22, 52, 21, 20, 51, 49, 19, 50, 18, 54, 23, 37, 6, 5, 36, 9, 40, 39, 8, 35, 4, 38, 7, 60, 29, 28, 59, 67, 24, 55, 58, 27, 66]
R165;0;0.067;[2, 1, 3]
R166;553610;9.273;[61, 63, 42, 12, 45, 15, 14, 44, 10, 43, 13, 40, 11, 41, 16, 46, 55, 25, 60, 30, 24, 54, 62, 33, 3, 29, 59, 2, 32, 1, 31, 21, 51, 50, 20, 19, 49, 18, 47, 17, 48, 52, 22, 36, 6, 35, 5, 9, 39, 38, 8, 34, 4, 37, 7, 65, 58, 28, 57, 27, 23, 53, 26, 56, 64]
R167;18307;0.536;[26, 13, 23, 10, 17, 4, 12, 25, 9, 22, 8, 21, 15, 2, 16, 3, 7, 20, 14, 1, 6, 18, 5, 19, 24, 11]
R168;178867;3.728;[51, 12, 37, 53, 15, 40, 52, 39, 14, 38, 10, 35, 13, 36, 11, 41, 16, 42, 17, 45, 20, 50, 25, 44, 19, 28, 3, 49, 24, 54, 2, 27, 1, 26, 31, 6, 30, 5, 34, 9, 33, 8, 4, 29, 7, 32, 48, 23, 47, 22, 18, 43, 56, 46, 21, 55]
R169;606154;5.815;[63, 12, 43, 15, 46, 14, 45, 10, 44, 13, 41, 11, 42, 16, 47, 48, 17, 26, 57, 31, 62, 56, 25, 3, 34, 61, 30, 2, 33, 32, 1, 53, 22, 52, 21, 51, 20, 19, 49, 18, 50, 23, 54, 37, 6, 64, 5, 36, 9, 40, 8, 39, 65, 4, 35, 7, 38, 60, 29, 28, 59, 55, 24, 67, 58, 27, 66]
R170;0;0.068;[1, 2, 3]
R171;553609;4.716;[61, 42, 12, 45, 15, 62, 14, 44, 43, 10, 40, 13, 11, 41, 16, 46, 55, 25, 30, 60, 54, 24, 33, 3, 59, 29, 63, 32, 2, 31, 1, 21, 51, 20, 50, 49, 19, 47, 48, 18, 17, 52, 22, 36, 6, 5, 35, 9, 39, 8, 38, 4, 34, 7, 37, 58, 28, 27, 57, 53, 23, 65, 56, 26, 64]
R172;11179;0.281;[22, 11, 8, 19, 2, 13, 21, 10, 1, 12, 18, 7, 6, 17, 9, 20, 16, 5, 4, 14, 3, 15]
R173;18307;0.350;[26, 13, 10, 23, 4, 17, 2, 15, 25, 12, 9, 22, 16, 3, 8, 21, 11, 24, 14, 1, 20, 7, 18, 19, 6, 5]
R174;18307;0.372;[26, 13, 23, 10, 4, 17, 2, 15, 3, 16, 1, 14, 25, 12, 22, 9, 21, 8, 24, 11, 20, 7, 18, 6, 19, 5]
R175;1801654;12.740;[56, 14, 18, 60, 9, 51, 17, 59, 8, 50, 7, 49, 79, 37, 6, 48, 55, 13, 33, 75, 74, 32, 31, 73, 78, 36, 72, 30, 10, 71, 29, 15, 57, 16, 58, 34, 76, 77, 35, 1, 43, 44, 2, 11, 12, 25, 67, 26, 68, 27, 69, 66, 24, 45, 3, 46, 4, 52, 21, 63, 22, 64, 23, 65, 20, 62, 19, 61, 84, 42, 70, 28, 53, 54, 41, 83, 40, 82, 81, 39, 80, 38, 47, 5]
R176;1387400;9.010;[46, 11, 13, 48, 47, 12, 65, 30, 44, 9, 8, 43, 42, 7, 63, 28, 41, 6, 45, 10, 27, 62, 29, 64, 26, 61, 60, 25, 24, 59, 57, 1, 36, 56, 53, 18, 55, 52, 17, 22, 2, 37, 16, 51, 21, 15, 50, 20, 14, 54, 19, 49, 35, 70, 34, 69, 23, 58, 33, 68, 67, 32, 66, 31, 3, 38, 39, 4, 5, 40]
R177;1387400;12.145;[11, 46, 48, 13, 47, 12, 9, 44, 65, 30, 8, 43, 42, 7, 41, 6, 10, 45, 64, 29, 28, 63, 62, 27, 61, 26, 60, 25, 59, 24, 36, 1, 57, 53, 18, 56, 55, 37, 2, 17, 52, 16, 51, 22, 50, 15, 21, 20, 54, 14, 49, 19, 70, 35, 69, 34, 23, 58, 38, 3, 4, 39, 33, 68, 32, 67, 66, 31, 40, 5]
R178;1387400;8.963;[11, 46, 13, 48, 47, 12, 30, 65, 9, 44, 43, 8, 7, 42, 6, 41, 45, 10, 29, 64, 28, 63, 62, 27, 61, 26, 25, 60, 59, 24, 36, 1, 57, 56, 53, 18, 55, 37, 2, 17, 52, 16, 51, 22, 21, 50, 15, 20, 54, 49, 14, 19, 35, 70, 23, 58, 3, 38, 4, 39, 34, 69, 33, 68, 32, 67, 31, 66, 40, 5]
R179;1387400;11.195;[11, 46, 13, 48, 47, 12, 44, 9, 65, 30, 43, 8, 42, 7, 6, 41, 10, 45, 28, 63, 29, 64, 27, 62, 61, 26, 60, 25, 59, 24, 36, 1, 57, 18, 53, 56, 55, 37, 2, 52, 17, 51, 16, 22, 15, 50, 21, 20, 14, 19, 54, 49, 35, 70, 23, 58, 3, 38, 4, 39, 34, 69, 33, 68, 32, 67, 66, 31, 5, 40]
R180;11;5.215;[46, 11, 48, 13, 47, 12, 65, 30, 9, 44, 43, 8, 7, 42, 41, 6, 45, 10, 64, 29, 28, 63, 62, 27, 61, 26, 60, 25, 24, 59, 22, 57, 36, 1, 21, 56, 55, 20, 2, 37, 19, 54, 38, 3, 39, 4, 51, 16, 52, 17, 53, 18, 15, 50, 49, 14, 35, 70, 69, 34, 23, 58, 33, 68, 67, 32, 31, 66, 40, 5]
R181;16;8.455;[11, 50, 54, 15, 53, 14, 48, 9, 47, 8, 73, 34, 7, 46, 6, 45, 10, 49, 30, 69, 68, 29, 67, 28, 72, 33, 27, 66, 65, 26, 13, 52, 51, 12, 31, 70, 71, 32, 1, 40, 61, 22, 62, 23, 2, 41, 63, 24, 21, 60, 42, 3, 18, 57, 58, 19, 59, 20, 43, 4, 56, 17, 55, 16, 39, 78, 77, 38, 25, 64, 76, 37, 75, 36, 35, 74, 44, 5]
R182;2073470;9.600;[46, 11, 13, 48, 12, 47, 44, 9, 8, 43, 7, 42, 63, 28, 65, 41, 6, 27, 62, 45, 10, 26, 61, 64, 60, 25, 30, 59, 24, 36, 1, 29, 57, 18, 53, 56, 55, 2, 37, 52, 17, 51, 16, 22, 21, 15, 50, 20, 54, 14, 49, 19, 35, 70, 34, 69, 23, 58, 68, 33, 32, 67, 38, 3, 66, 31, 4, 39, 5, 40]
R183;12;5.838;[46, 11, 48, 13, 47, 12, 65, 30, 44, 9, 8, 43, 42, 7, 6, 41, 28, 63, 62, 27, 45, 10, 64, 29, 26, 61, 60, 25, 59, 24, 36, 1, 20, 55, 37, 2, 21, 56, 22, 57, 19, 54, 3, 38, 4, 39, 51, 16, 52, 17, 53, 18, 50, 15, 49, 14, 70, 35, 69, 34, 58, 23, 68, 33, 32, 67, 66, 31, 40, 5]
R184;1387400;10.220;[11, 46, 48, 13, 9, 44, 8, 43, 47, 12, 30, 65, 42, 7, 41, 6, 45, 10, 64, 29, 63, 28, 62, 27, 61, 26, 60, 25, 24, 59, 36, 1, 57, 56, 53, 18, 55, 37, 2, 52, 17, 16, 51, 22, 21, 50, 15, 20, 14, 54, 19, 49, 70, 35, 23, 58, 3, 38, 4, 39, 34, 69, 68, 33, 32, 67, 66, 31, 40, 5]
R185;1388803;9.615;[46, 11, 48, 13, 44, 9, 47, 12, 43, 8, 42, 7, 65, 30, 6, 41, 10, 45, 63, 28, 29, 64, 27, 62, 26, 61, 25, 60, 59, 24, 57, 22, 18, 53, 17, 36, 21, 56, 55, 20, 52, 37, 51, 16, 19, 54, 50, 15, 49, 14, 70, 35, 34, 69, 68, 33, 67, 32, 31, 66, 40, 5, 4, 38, 3, 2, 1, 39, 58, 23]
R186;4311755;13.965;[65, 66, 64, 47, 21, 30, 29, 28, 27, 26, 57, 31, 62, 58, 40, 55, 39, 56, 25, 54, 23, 24, 41, 50, 19, 51, 20, 49, 18, 53, 22, 52, 48, 17, 16, 3, 2, 38, 7, 1, 32, 36, 5, 35, 4, 37, 6, 59, 34, 60, 61, 8, 10, 67, 33, 43, 12, 9, 13, 15, 46, 11, 42, 63, 45, 14, 44, 69, 68]
R187;4311755;8.639;[21, 64, 47, 65, 66, 30, 29, 28, 27, 57, 26, 31, 62, 58, 40, 55, 39, 56, 25, 23, 54, 41, 24, 50, 19, 51, 20, 18, 49, 53, 22, 52, 17, 48, 3, 2, 16, 7, 38, 1, 32, 5, 36, 35, 4, 59, 37, 6, 34, 60, 61, 67, 33, 12, 43, 8, 10, 9, 13, 15, 46, 11, 42, 45, 14, 44, 63, 69, 68]
R188;4311755;13.568;[66, 47, 21, 65, 64, 30, 29, 28, 27, 57, 26, 62, 31, 58, 40, 55, 39, 25, 56, 23, 54, 41, 24, 19, 50, 20, 51, 18, 49, 22, 53, 52, 48, 17, 3, 16, 2, 7, 38, 32, 1, 5, 36, 4, 35, 59, 37, 6, 34, 60, 61, 67, 8, 10, 33, 12, 43, 9, 13, 46, 15, 42, 11, 45, 14, 63, 44, 69, 68]
R189;24177516;49.134;[57, 91, 90, 93, 92, 58, 7, 88, 6, 50, 3, 47, 4, 48, 60, 2, 46, 71, 94, 84, 85, 70, 49, 5, 86, 100, 13, 72, 63, 12, 64, 15, 11, 14, 17, 61, 62, 75, 79, 35, 73, 29, 16, 80, 30, 74, 76, 59, 1, 45, 78, 53, 9, 77, 33, 56, 55, 8, 54, 10, 95, 39, 83, 82, 38, 51, 81, 37, 89, 52, 87, 22, 66, 23, 34, 32, 25, 69, 65, 21, 24, 68, 67, 44, 31, 36, 18, 20, 19, 99, 43, 98, 27, 42, 41, 40, 97, 26, 96, 28]
R190;23177313;59.601;[92, 91, 7, 90, 6, 50, 3, 47, 4, 48, 2, 93, 88, 71, 49, 5, 57, 13, 33, 86, 85, 60, 70, 100, 72, 63, 64, 62, 73, 29, 75, 79, 35, 74, 30, 80, 76, 32, 34, 78, 77, 45, 53, 12, 56, 15, 59, 11, 55, 14, 58, 46, 87, 94, 61, 17, 16, 9, 8, 52, 54, 10, 81, 95, 51, 82, 22, 39, 83, 67, 23, 89, 25, 68, 24, 65, 21, 38, 37, 69, 84, 1, 44, 66, 31, 36, 27, 18, 20, 19, 99, 43, 98, 42, 41, 97, 26, 96, 28, 40]
R191;661921;8.451;[31, 62, 69, 63, 43, 12, 15, 46, 45, 14, 44, 10, 41, 13, 11, 42, 16, 47, 56, 25, 30, 61, 65, 24, 55, 34, 3, 29, 60, 2, 33, 1, 32, 21, 52, 51, 20, 50, 19, 18, 48, 17, 49, 22, 53, 37, 6, 5, 36, 40, 9, 8, 39, 4, 35, 7, 38, 59, 28, 27, 58, 23, 54, 64, 57, 26, 66, 68, 67]
R192;20336592;58.626;[48, 100, 103, 49, 101, 96, 21, 56, 4, 98, 46, 45, 50, 102, 51, 104, 52, 97, 43, 95, 44, 47, 99, 77, 25, 22, 74, 23, 75, 55, 3, 73, 2, 53, 1, 54, 24, 76, 28, 80, 27, 42, 29, 81, 30, 31, 32, 33, 86, 34, 40, 92, 91, 39, 90, 38, 37, 36, 93, 41, 87, 35, 79, 84, 94, 82, 78, 26, 18, 19, 83, 85, 88, 89, 13, 65, 14, 72, 64, 12, 71, 15, 67, 68, 16, 17, 69, 70, 66, 57, 5, 63, 11, 10, 61, 9, 6, 58, 8, 60, 7, 59, 20, 62]
R193;7909021;57.508;[49, 101, 96, 44, 45, 97, 51, 103, 100, 48, 104, 52, 102, 50, 95, 43, 98, 46, 99, 47, 2, 54, 74, 22, 23, 75, 55, 3, 56, 4, 77, 25, 21, 73, 76, 24, 92, 53, 1, 81, 29, 28, 80, 87, 27, 79, 42, 94, 82, 30, 31, 84, 32, 33, 85, 40, 34, 86, 39, 91, 90, 38, 41, 93, 37, 89, 88, 36, 35, 26, 78, 65, 19, 71, 15, 83, 72, 68, 16, 64, 12, 18, 70, 66, 14, 63, 20, 9, 61, 69, 17, 67, 57, 5, 6, 58, 13, 8, 60, 7, 59, 62, 10, 11]
R194;29660077;58.442;[52, 53, 109, 104, 50, 106, 49, 105, 54, 79, 25, 111, 55, 108, 56, 112, 110, 47, 103, 48, 51, 107, 19, 75, 4, 60, 85, 29, 82, 26, 81, 20, 76, 21, 77, 22, 13, 83, 27, 23, 87, 18, 59, 3, 2, 57, 1, 95, 58, 12, 24, 84, 28, 100, 14, 89, 38, 94, 93, 37, 92, 36, 35, 102, 90, 34, 33, 99, 43, 88, 32, 42, 98, 86, 31, 46, 101, 45, 91, 44, 41, 97, 69, 78, 96, 40, 73, 15, 71, 16, 72, 80, 74, 17, 5, 61, 6, 62, 68, 67, 11, 10, 39, 65, 9, 70, 8, 64, 63, 7, 30, 66]
R195;42856673;60.097;[51, 106, 109, 52, 24, 107, 68, 49, 4, 59, 60, 48, 53, 108, 54, 55, 69, 101, 46, 47, 102, 104, 110, 50, 105, 22, 103, 28, 83, 25, 80, 81, 26, 3, 58, 56, 2, 57, 1, 79, 27, 82, 92, 37, 36, 35, 34, 33, 32, 31, 30, 45, 16, 43, 17, 18, 19, 20, 97, 42, 6, 41, 12, 87, 40, 39, 86, 96, 98, 99, 44, 93, 38, 85, 11, 91, 90, 100, 88, 77, 84, 29, 89, 74, 78, 15, 70, 21, 76, 14, 67, 71, 95, 94, 75, 73, 61, 7, 62, 10, 65, 64, 9, 13, 63, 8, 5, 72, 66, 23]
R196;40217687;59.859;[24, 51, 52, 107, 102, 49, 104, 48, 103, 53, 54, 109, 55, 110, 46, 47, 50, 105, 19, 74, 4, 59, 28, 83, 25, 80, 20, 75, 26, 81, 21, 76, 22, 14, 15, 16, 3, 58, 56, 2, 57, 79, 27, 82, 17, 35, 34, 33, 32, 36, 43, 37, 92, 42, 97, 5, 13, 18, 31, 86, 41, 96, 99, 12, 67, 23, 78, 64, 89, 11, 66, 65, 10, 1, 6, 30, 40, 9, 45, 39, 44, 38, 8, 29, 84, 7, 87, 106, 73, 62, 108, 98, 71, 88, 101, 63, 93, 100, 61, 77, 85, 90, 68, 60, 91, 95, 70, 94, 72, 69]
R200;557959;2.712;[9, 33, 14, 38, 15, 5, 29, 47, 23, 8, 10, 34, 36, 39, 18, 42, 48, 24, 32, 22, 27, 12, 35, 11, 46, 37, 13, 4, 28, 3, 17, 41, 43, 19, 7, 31, 30, 6, 44, 20, 21, 45, 1, 25, 16, 40, 26, 2]
R201;2;0.285;[7, 19, 9, 21, 8, 20, 1, 13, 10, 22, 11, 23, 12, 24, 5, 17, 3, 15, 6, 18, 4, 16, 2, 14]
R202;1;0.251;[11, 23, 12, 24, 4, 16, 5, 17, 18, 6, 13, 1, 3, 15, 2, 14, 9, 21, 10, 22, 7, 19, 8, 20]
R203;1;0.081;[2, 5, 1, 4, 6, 3]
R204;196890;3.101;[26, 3, 24, 25, 2, 1, 5, 28, 27, 4, 6, 29, 8, 31, 30, 7, 12, 35, 19, 42, 36, 13, 15, 38, 37, 14, 16, 39, 43, 20, 17, 40, 23, 46, 32, 9, 21, 18, 41, 44, 45, 22, 10, 33, 11, 34]
R205;5;0.748;[2, 20, 1, 19, 17, 35, 18, 36, 4, 22, 3, 21, 33, 15, 16, 34, 6, 24, 5, 23, 26, 8, 25, 7, 12, 30, 31, 13, 32, 14, 27, 9, 28, 10, 29, 11]
